<?xml version="1.0" encoding="utf-8"?>
<Project>
	<TemplateObjectList>
		<TemplateObject objectName="self" id="0" isTemp="false"/>
		<TemplateObject objectName="target" id="1" isTemp="false"/>
		<TemplateObject objectName="bullet" id="2" isTemp="true"/>
	</TemplateObjectList>
	<RefParamList>
		<Vector3i name="_BulletDir" x="0" y="0" z="0" refParamName="" useRefParam="false"/>
	</RefParamList>
	<Action tag="" length="1.333" loop="false">
		<Track trackName="SetBehaviourModeTick0" eventType="SetBehaviourModeTick" guid="1b9ca1c0-8a83-4edd-bf69-2d871b885df2" enabled="true" useRefParam="false" refParamName="" r="0.833" g="0.000" b="1.000" execOnForceStopped="false" execOnActionCompleted="false" stopAfterLastEvent="true">
			<Event eventName="SetBehaviourModeTick" time="0.000" isDuration="false">
				<TemplateObject name="targetId" objectName="self" id="0" isTemp="false" refParamName="" useRefParam="false"/>
				<bool name="stopMove" value="true" refParamName="" useRefParam="false"/>
				<bool name="clearMove" value="false" refParamName="" useRefParam="false"/>
				<bool name="IsClearSkillCache" value="false" refParamName="" useRefParam="false"/>
				<bool name="stopCurSkill" value="false" refParamName="" useRefParam="false"/>
				<bool name="delayStopCurSkill" value="false" refParamName="" useRefParam="false"/>
				<bool name="deadControl" value="false" refParamName="" useRefParam="false"/>
				<Enum name="eAbortLevel" value="0" refParamName="" useRefParam="false">
					<uint name="不打断"/>
					<uint name="延迟打断"/>
					<uint name="强制打断"/>
				</Enum>
				<bool name="interuptAutoAttack" value="false" refParamName="" useRefParam="false"/>
			</Event>
		</Track>
		<Track trackName="SetAttackDirDuration0" eventType="SetAttackDirDuration" guid="33c1d1ca-4c81-466f-b75b-41fce776734b" enabled="true" useRefParam="false" refParamName="" r="0.617" g="1.000" b="0.000" execOnForceStopped="false" execOnActionCompleted="false" stopAfterLastEvent="true">
			<Event eventName="SetAttackDirDuration" time="0.000" length="0.100" isDuration="true">
				<TemplateObject name="attackerId" objectName="self" id="0" isTemp="false" refParamName="" useRefParam="false"/>
				<bool name="bForceRotate" value="false" refParamName="" useRefParam="false"/>
				<bool name="bImmediateRotate" value="false" refParamName="" useRefParam="false"/>
			</Event>
		</Track>
		<Track trackName="SetAttackDirDuration0" eventType="SetAttackDirDuration" guid="c1aa4762-c857-4f26-a6d6-e0d638ca2c8f" enabled="true" useRefParam="false" refParamName="" r="1.000" g="0.517" b="0.000" execOnForceStopped="false" execOnActionCompleted="false" stopAfterLastEvent="true">
			<Event eventName="SetAttackDirDuration" time="0.100" length="0.100" isDuration="true">
				<TemplateObject name="attackerId" objectName="self" id="0" isTemp="false" refParamName="" useRefParam="false"/>
				<bool name="bForceRotate" value="false" refParamName="" useRefParam="false"/>
				<bool name="bImmediateRotate" value="false" refParamName="" useRefParam="false"/>
			</Event>
		</Track>
		<Track trackName="SetAttackDirDuration0" eventType="SetAttackDirDuration" guid="2b7c4e33-d6c3-4c67-bd3d-84545de3f114" enabled="false" useRefParam="false" refParamName="" r="0.167" g="0.000" b="1.000" execOnForceStopped="false" execOnActionCompleted="false" stopAfterLastEvent="true">
			<Event eventName="SetAttackDirDuration" time="0.200" length="0.100" isDuration="true">
				<TemplateObject name="attackerId" objectName="self" id="0" isTemp="false" refParamName="" useRefParam="false"/>
				<bool name="bForceRotate" value="false" refParamName="" useRefParam="false"/>
				<bool name="bImmediateRotate" value="true" refParamName="" useRefParam="false"/>
			</Event>
		</Track>
		<Track trackName="ForbidAbilityDuration0" eventType="ForbidAbilityDuration" guid="bcce576d-c656-4387-a4bf-6327c6e49f72" enabled="true" useRefParam="false" refParamName="" r="0.000" g="0.567" b="1.000" execOnForceStopped="false" execOnActionCompleted="false" stopAfterLastEvent="true">
			<Event eventName="ForbidAbilityDuration" time="0.000" length="0.267" isDuration="true">
				<TemplateObject name="attackerId" objectName="self" id="0" isTemp="false" refParamName="" useRefParam="false"/>
				<bool name="forbidMove" value="true" refParamName="" useRefParam="false"/>
				<bool name="forbidSkill" value="false" refParamName="" useRefParam="false"/>
				<bool name="forceForbidding" value="false" refParamName="" useRefParam="false"/>
				<bool name="forbidSkillAndHideBtn" value="false" refParamName="" useRefParam="false"/>
				<bool name="forbidFilterSkill0" value="false" refParamName="" useRefParam="false"/>
				<bool name="forbidFilterSkill1" value="false" refParamName="" useRefParam="false"/>
				<bool name="forbidFilterSkill2" value="false" refParamName="" useRefParam="false"/>
				<bool name="forbidFilterSkill3" value="false" refParamName="" useRefParam="false"/>
				<bool name="forbidFilterSkill4" value="false" refParamName="" useRefParam="false"/>
				<bool name="forbidFilterSkill5" value="false" refParamName="" useRefParam="false"/>
				<bool name="forbidFilterSkill6" value="false" refParamName="" useRefParam="false"/>
				<bool name="forbidFilterSkill7" value="false" refParamName="" useRefParam="false"/>
				<bool name="forbidFilterSkill9" value="false" refParamName="" useRefParam="false"/>
				<bool name="forbidFilterSummonerSkill" value="false" refParamName="" useRefParam="false"/>
				<bool name="forbidFilterMapSkill" value="false" refParamName="" useRefParam="false"/>
				<bool name="forbidFilterEquipActiveSkill" value="false" refParamName="" useRefParam="false"/>
				<bool name="forbidFilterActiveSkill" value="false" refParamName="" useRefParam="false"/>
				<bool name="forbidSkillAbort" value="true" refParamName="" useRefParam="false"/>
				<bool name="abortFilterSkill0" value="false" refParamName="" useRefParam="false"/>
				<bool name="abortFilterSkill1" value="false" refParamName="" useRefParam="false"/>
				<bool name="abortFilterSkill2" value="false" refParamName="" useRefParam="false"/>
				<bool name="abortFilterSkill3" value="false" refParamName="" useRefParam="false"/>
				<bool name="abortFilterSkill4" value="false" refParamName="" useRefParam="false"/>
				<bool name="abortFilterSkill5" value="false" refParamName="" useRefParam="false"/>
				<bool name="abortFilterSkill7" value="false" refParamName="" useRefParam="false"/>
				<bool name="abortFilterSkill9" value="false" refParamName="" useRefParam="false"/>
				<bool name="abortFilterMove" value="false" refParamName="" useRefParam="false"/>
				<bool name="abortFilterDamage" value="false" refParamName="" useRefParam="false"/>
				<bool name="forbidMoveRotate" value="false" refParamName="" useRefParam="false"/>
				<bool name="delaySkillAbort" value="true" refParamName="" useRefParam="false"/>
				<Enum name="protectAbortLevel" value="0" refParamName="" useRefParam="false">
					<uint name="不保护"/>
					<uint name="保护延迟打断"/>
					<uint name="保护强制打断"/>
				</Enum>
				<bool name="ImmuneNegative" value="false" refParamName="" useRefParam="false"/>
				<bool name="ImmuneControl" value="false" refParamName="" useRefParam="false"/>
				<bool name="forbidEnergyRecover" value="false" refParamName="" useRefParam="false"/>
				<bool name="MoveIgnoreObstructArea" value="false" refParamName="" useRefParam="false"/>
				<bool name="forbidCollisionDetection" value="false" refParamName="" useRefParam="false"/>
				<bool name="ImmuneSkillSelect" value="false" refParamName="" useRefParam="false"/>
				<bool name="bReplaceHPBarImmuneSelect" value="false" refParamName="" useRefParam="false"/>
				<bool name="forbidCallBoss" value="false" refParamName="" useRefParam="false"/>
				<bool name="forbidExtraBtnSlot1" value="false" refParamName="" useRefParam="false"/>
			</Event>
		</Track>
		<Track trackName="SkillInputCacheDuration56" eventType="SkillInputCacheDuration" guid="aff517c1-bf8f-44b8-8c10-92b8c90c0a93" enabled="true" useRefParam="false" refParamName="" r="1.000" g="0.217" b="0.000" execOnForceStopped="false" execOnActionCompleted="false" stopAfterLastEvent="true">
			<Event eventName="SkillInputCacheDuration" time="0.167" length="0.100" isDuration="true">
				<TemplateObject name="targetId" objectName="self" id="0" isTemp="false" refParamName="" useRefParam="false"/>
				<bool name="cacheSkill" value="true" refParamName="" useRefParam="false"/>
				<bool name="forceCacheSkill" value="false" refParamName="" useRefParam="false"/>
				<bool name="bCacheSkillReCalcLock" value="false" refParamName="" useRefParam="false"/>
				<bool name="cacheMove" value="false" refParamName="" useRefParam="false"/>
				<bool name="forceCacheMove" value="false" refParamName="" useRefParam="false"/>
				<bool name="checkMoveAbortCurSkill" value="false" refParamName="" useRefParam="false"/>
				<bool name="checkNoMove" value="false" refParamName="" useRefParam="false"/>
				<bool name="clearCacheMoveWhenEntering" value="false" refParamName="" useRefParam="false"/>
				<bool name="clearCacheMoveWhenLeaving" value="false" refParamName="" useRefParam="false"/>
			</Event>
		</Track>
		<Track trackName="SkillInputCacheDuration0" eventType="SkillInputCacheDuration" guid="24363fb0-5ff1-481b-9aa8-c892999a54e6" enabled="true" useRefParam="false" refParamName="" r="1.000" g="0.000" b="0.883" execOnForceStopped="false" execOnActionCompleted="false" stopAfterLastEvent="true">
			<Event eventName="SkillInputCacheDuration" time="0.167" length="0.100" isDuration="true">
				<TemplateObject name="targetId" objectName="self" id="0" isTemp="false" refParamName="" useRefParam="false"/>
				<bool name="cacheSkill" value="false" refParamName="" useRefParam="false"/>
				<bool name="forceCacheSkill" value="false" refParamName="" useRefParam="false"/>
				<bool name="bCacheSkillReCalcLock" value="false" refParamName="" useRefParam="false"/>
				<bool name="cacheMove" value="true" refParamName="" useRefParam="false"/>
				<bool name="forceCacheMove" value="false" refParamName="" useRefParam="false"/>
				<bool name="checkMoveAbortCurSkill" value="false" refParamName="" useRefParam="false"/>
				<bool name="checkNoMove" value="false" refParamName="" useRefParam="false"/>
				<bool name="clearCacheMoveWhenEntering" value="false" refParamName="" useRefParam="false"/>
				<bool name="clearCacheMoveWhenLeaving" value="false" refParamName="" useRefParam="false"/>
			</Event>
		</Track>
		<Track trackName="PlayAnimDuration0" eventType="PlayAnimDuration" guid="d61afea5-4d16-4810-bb3e-b34718d2f058" enabled="false" useRefParam="false" refParamName="" r="1.000" g="0.450" b="0.000" execOnForceStopped="false" execOnActionCompleted="false" stopAfterLastEvent="true">
			<Condition id="-1" guid="00000000-0000-0000-0000-000000000000" status="true"/>
			<Event eventName="PlayAnimDuration" time="0.000" length="1.333" isDuration="true">
				<TemplateObject name="targetId" objectName="self" id="0" isTemp="false" refParamName="" useRefParam="false"/>
				<String name="clipName" value="Spell2_1" refParamName="" useRefParam="false"/>
				<bool name="bDontReplaceSameAnim" value="false" refParamName="" useRefParam="false"/>
				<int name="layer" value="2" refParamName="" useRefParam="false"/>
				<int name="subLayer" value="0" refParamName="" useRefParam="false"/>
				<int name="animatorOverrideLayer" value="-1" refParamName="" useRefParam="false"/>
				<bool name="bLoop" value="false" refParamName="" useRefParam="false"/>
				<float name="crossFadeTime" value="0.100" refParamName="" useRefParam="false"/>
				<bool name="bUseFadeOutTime" value="true" refParamName="" useRefParam="false"/>
				<float name="fadeOutTime" value="0.300" refParamName="" useRefParam="false"/>
				<float name="startTime" value="0.000" refParamName="" useRefParam="false"/>
				<float name="endTime" value="99999.000" refParamName="" useRefParam="false"/>
				<bool name="applyActionSpeed" value="false" refParamName="" useRefParam="false"/>
				<bool name="alwaysAnimate" value="false" refParamName="" useRefParam="false"/>
				<bool name="bKeepOldSpeed" value="false" refParamName="" useRefParam="false"/>
				<bool name="bCanNotBeCulled" value="false" refParamName="" useRefParam="false"/>
				<String name="beginClipName" value="" refParamName="" useRefParam="false"/>
				<bool name="bPlayBeginClipName" value="false" refParamName="" useRefParam="false"/>
				<String name="endClipName" value="" refParamName="" useRefParam="false"/>
				<bool name="bPlayEndClipName" value="false" refParamName="" useRefParam="false"/>
			</Event>
		</Track>
		<Track trackName="SpawnObjectDuration0" eventType="SpawnObjectDuration" guid="eb93e62b-667f-482e-8ac0-5de5903f9759" enabled="true" useRefParam="false" refParamName="" r="1.000" g="0.000" b="0.150" execOnForceStopped="false" execOnActionCompleted="false" stopAfterLastEvent="true">
			<Event eventName="SpawnObjectDuration" time="0.000" length="0.100" isDuration="true">
				<TemplateObject name="targetId" objectName="bullet" id="2" isTemp="true" refParamName="" useRefParam="false"/>
				<TemplateObject name="parentId" objectName="self" id="0" isTemp="false" refParamName="" useRefParam="false"/>
				<TemplateObject name="objectSpaceId" objectName="None" id="-1" isTemp="false" refParamName="" useRefParam="false"/>
				<bool name="bTargetPosition" value="false" refParamName="" useRefParam="false"/>
				<Vector3i name="targetPosition" x="0" y="0" z="0" refParamName="" useRefParam="false"/>
				<String name="prefabName" value="prefab_characters/commonempty" refParamName="" useRefParam="false"/>
				<bool name="bMoveCollision" value="false" refParamName="" useRefParam="false"/>
				<bool name="recreateExisting" value="true" refParamName="" useRefParam="false"/>
				<bool name="superTranslation" value="false" refParamName="" useRefParam="false"/>
				<bool name="modifyTranslation" value="true" refParamName="" useRefParam="false"/>
				<Vector3i name="translation" x="0" y="0" z="0" refParamName="" useRefParam="false"/>
				<bool name="bHeroEffect" value="false" refParamName="" useRefParam="false"/>
				<bool name="bUseIndicatorDir" value="false" refParamName="" useRefParam="false"/>
				<bool name="modifyDirection" value="true" refParamName="" useRefParam="false"/>
				<Enum name="modifyDirUsage" value="0" refParamName="" useRefParam="false">
					<uint name="当[参考对象]有值时不使用"/>
					<uint name="作为本物体朝向"/>
					<uint name="本物体朝向它"/>
					<uint name=""/>
				</Enum>
				<Vector3i name="direction" x="0" y="0" z="0" refParamName="" useRefParam="false"/>
				<bool name="bRotation" value="false" refParamName="" useRefParam="false"/>
				<int name="yRotation" value="0" refParamName="" useRefParam="false"/>
				<bool name="bUseRecordPos" value="false" refParamName="" useRefParam="false"/>
				<bool name="bUseRecordDir" value="false" refParamName="" useRefParam="false"/>
				<bool name="bChangeMaterialWithParent" value="false" refParamName="" useRefParam="false"/>
				<TemplateObject name="materialParentActorId" objectName="None" id="0" isTemp="false" refParamName="" useRefParam="false"/>
				<bool name="modifyScaling" value="false" refParamName="" useRefParam="false"/>
				<Vector3 name="scaling" x="1.000" y="1.000" z="1.000" refParamName="" useRefParam="false"/>
				<bool name="enableLayer" value="false" refParamName="" useRefParam="false"/>
				<int name="layer" value="0" refParamName="" useRefParam="false"/>
				<bool name="enableTag" value="false" refParamName="" useRefParam="false"/>
				<String name="tag" value="" refParamName="" useRefParam="false"/>
				<bool name="applyActionSpeedToAnimation" value="true" refParamName="" useRefParam="false"/>
				<bool name="applyActionSpeedToParticle" value="true" refParamName="" useRefParam="false"/>
				<bool name="bUseSkinAdvance" value="false" refParamName="" useRefParam="false"/>
				<bool name="bSameVisibleAsAttacker" value="false" refParamName="" useRefParam="false"/>
				<bool name="bVisibleByFow" value="true" refParamName="" useRefParam="false"/>
				<int name="sightRadius" value="0" refParamName="" useRefParam="false"/>
				<TemplateObject name="visionActorId" objectName="None" id="-1" isTemp="false" refParamName="" useRefParam="false"/>
				<bool name="bRefreshVision" value="false" refParamName="" useRefParam="false"/>
				<bool name="bInvisibleBullet" value="false" refParamName="" useRefParam="false"/>
				<bool name="bForbidBulletInObstacle" value="false" refParamName="" useRefParam="false"/>
				<bool name="bForbidTargetOutOfNavmeshConvexHull" value="false" refParamName="" useRefParam="false"/>
				<bool name="bLayOnNavMesh" value="false" refParamName="" useRefParam="false"/>
				<bool name="bRealTimeSight" value="false" refParamName="" useRefParam="false"/>
				<bool name="bOpenSight" value="false" refParamName="" useRefParam="false"/>
				<bool name="bEnableAnimation" value="false" refParamName="" useRefParam="false"/>
				<bool name="bBlockObj" value="false" refParamName="" useRefParam="false"/>
				<bool name="bUseSkin" value="false" refParamName="" useRefParam="false"/>
				<bool name="bRecordObjPosition" value="false" refParamName="" useRefParam="false"/>
				<TemplateObject name="recordTargeID" objectName="None" id="-1" isTemp="false" refParamName="" useRefParam="false"/>
			</Event>
		</Track>
		<Track trackName="SetCollisionTick0" eventType="SetCollisionTick" guid="95bcd197-66ef-40fc-a249-6706c6396a4f" enabled="false" useRefParam="false" refParamName="" r="1.000" g="0.000" b="0.967" execOnForceStopped="false" execOnActionCompleted="false" stopAfterLastEvent="true">
			<Event eventName="SetCollisionTick" time="0.000" isDuration="false">
				<TemplateObject name="targetId" objectName="bullet" id="2" isTemp="false" refParamName="" useRefParam="false"/>
				<Enum name="type" value="1" refParamName="" useRefParam="false">
					<uint name="BOX"/>
					<uint name="SPHERE"/>
					<uint name="CYLINDERSECTOR"/>
					<uint name="CIRQUE"/>
				</Enum>
				<bool name="bIsBlockMonsterType" value="false" refParamName="" useRefParam="false"/>
				<bool name="bIsBlockSoliderLine" value="false" refParamName="" useRefParam="false"/>
				<bool name="bIsBlockJungleMonster" value="false" refParamName="" useRefParam="false"/>
				<bool name="bIsBlockSoliderType" value="false" refParamName="" useRefParam="false"/>
				<bool name="bIsBlockPet" value="false" refParamName="" useRefParam="false"/>
				<Enum name="blockCampType" value="0" refParamName="" useRefParam="false">
					<uint name="阻挡敌对阵营"/>
					<uint name="阻挡自己阵营"/>
					<uint name="阻挡所有阵营"/>
				</Enum>
				<bool name="bVaildBlockForSelfTeamHero" value="false" refParamName="" useRefParam="false"/>
				<bool name="bVaildBlockForEnemyTeamHero" value="false" refParamName="" useRefParam="false"/>
				<Vector3i name="Pos" x="0" y="0" z="0" refParamName="" useRefParam="false"/>
				<Vector3i name="Size" x="100000" y="5000" z="1000000" refParamName="" useRefParam="false"/>
				<Array name="PosList" refParamName="" useRefParam="false" type="Vector3i"/>
				<int name="Radius" value="50000" refParamName="" useRefParam="false"/>
				<int name="SectorRadius" value="1000" refParamName="" useRefParam="false"/>
				<int name="Height" value="500" refParamName="" useRefParam="false"/>
				<int name="SectorExternalRadiusGrowthValue" value="0" refParamName="" useRefParam="false"/>
				<int name="SectorInnerRadius" value="0" refParamName="" useRefParam="false"/>
				<int name="SectorInnerRadiusGrowthValue" value="0" refParamName="" useRefParam="false"/>
				<int name="Degree" value="160" refParamName="" useRefParam="false"/>
				<int name="Rotation" value="160" refParamName="" useRefParam="false"/>
				<int name="RadiusGrowthValue" value="0" refParamName="" useRefParam="false"/>
				<int name="ExternalRadius" value="0" refParamName="" useRefParam="false"/>
				<int name="ExternalRadiusGrowthValue" value="0" refParamName="" useRefParam="false"/>
				<int name="InnerRadius" value="0" refParamName="" useRefParam="false"/>
				<int name="InnerRadiusGrowthValue" value="0" refParamName="" useRefParam="false"/>
			</Event>
		</Track>
		<Track trackName="HitTriggerDuration0" eventType="HitTriggerDuration" guid="85759f10-d9d0-4e73-8efd-d6442616e1b0" enabled="true" useRefParam="false" refParamName="" r="0.000" g="1.000" b="0.350" execOnForceStopped="false" execOnActionCompleted="false" stopAfterLastEvent="true">
			<Event eventName="HitTriggerDuration" time="0.000" length="0.100" isDuration="true">
				<TemplateObject name="triggerId" objectName="bullet" id="2" isTemp="false" refParamName="" useRefParam="false"/>
				<TemplateObject name="attackerId" objectName="self" id="0" isTemp="false" refParamName="" useRefParam="false"/>
				<int name="triggerInterval" value="100" refParamName="" useRefParam="false"/>
				<int name="TriggerActorInterval" value="100" refParamName="" useRefParam="false"/>
				<bool name="bFilterEnemy" value="false" refParamName="" useRefParam="false"/>
				<bool name="bFilterFriend" value="true" refParamName="" useRefParam="false"/>
				<bool name="bFilterHero" value="false" refParamName="" useRefParam="false"/>
				<bool name="bFileterMonter" value="false" refParamName="" useRefParam="false"/>
				<bool name="bFileterOrgan" value="true" refParamName="" useRefParam="false"/>
				<bool name="bFilterEye" value="true" refParamName="" useRefParam="false"/>
				<bool name="bFilterChest" value="true" refParamName="" useRefParam="false"/>
				<bool name="bFilterMyself" value="true" refParamName="" useRefParam="false"/>
				<bool name="bFilterDead" value="true" refParamName="" useRefParam="false"/>
				<bool name="bFilterHeroPet" value="false" refParamName="" useRefParam="false"/>
				<bool name="bFilterDeadControlHero" value="true" refParamName="" useRefParam="false"/>
				<bool name="bFilterCurrentTarget" value="false" refParamName="" useRefParam="false"/>
				<bool name="bFilterMoveDirection" value="false" refParamName="" useRefParam="false"/>
				<int name="Angle" value="-1" refParamName="" useRefParam="false"/>
				<bool name="bOnlyOneKillActor" value="false" refParamName="" useRefParam="false"/>
				<bool name="bOnlyBigMonster" value="false" refParamName="" useRefParam="false"/>
				<bool name="bOnlyMe" value="false" refParamName="" useRefParam="false"/>
				<bool name="bOnlyBullet" value="false" refParamName="" useRefParam="false"/>
				<TemplateObject name="bulletID" objectName="None" id="-1" isTemp="false" refParamName="" useRefParam="false"/>
				<bool name="bFilterCantAttack" value="false" refParamName="" useRefParam="false"/>
				<bool name="bFilterSpecialType1" value="true" refParamName="" useRefParam="false"/>
				<bool name="bFilterSpecialType2" value="true" refParamName="" useRefParam="false"/>
				<bool name="bOnlyBeControledActor" value="false" refParamName="" useRefParam="false"/>
				<bool name="bOnlyPet" value="false" refParamName="" useRefParam="false"/>
				<bool name="bOnlyAttackerPet" value="false" refParamName="" useRefParam="false"/>
				<bool name="bOnlyDeadOrgan" value="false" refParamName="" useRefParam="false"/>
				<bool name="bFilterCanntAttackOrgan" value="true" refParamName="" useRefParam="false"/>
				<int name="TriggerActorCount" value="-1" refParamName="" useRefParam="false"/>
				<Enum name="SelectMode" value="0" refParamName="" useRefParam="false">
					<uint name="随机选择"/>
					<uint name="血量选择"/>
					<uint name="按眼的规则选择"/>
					<uint name="距离优先"/>
					<uint name="保留2"/>
					<uint name="优先被控制单位"/>
				</Enum>
				<int name="CollideMaxCount" value="1" refParamName="" useRefParam="false"/>
				<int name="MaxTriggerCount" value="-1" refParamName="" useRefParam="false"/>
				<int name="MaxSelfBuffCount" value="-1" refParamName="" useRefParam="false"/>
				<int name="MaxTargetBuffCount" value="-1" refParamName="" useRefParam="false"/>
				<bool name="bTotalHitCount" value="false" refParamName="" useRefParam="false"/>
				<bool name="bEdgeCheck" value="false" refParamName="" useRefParam="false"/>
				<bool name="bExtraBuff" value="false" refParamName="" useRefParam="false"/>
				<int name="SelfSkillCombineID_1" value="0" refParamName="" useRefParam="false"/>
				<int name="SelfSkillCombineID_2" value="0" refParamName="" useRefParam="false"/>
				<int name="SelfSkillCombineID_3" value="0" refParamName="" useRefParam="false"/>
				<int name="TargetSkillCombine_1" value="518201" refParamName="" useRefParam="false"/>
				<bool name="TargetSkillLeaveRemove_1" value="false" refParamName="" useRefParam="false"/>
				<int name="TargetSkillCombine_2" value="0" refParamName="" useRefParam="false"/>
				<bool name="TargetSkillLeaveRemove_2" value="false" refParamName="" useRefParam="false"/>
				<int name="TargetSkillCombine_3" value="0" refParamName="" useRefParam="false"/>
				<bool name="TargetSkillLeaveRemove_3" value="false" refParamName="" useRefParam="false"/>
				<bool name="bTriggerBullet" value="false" refParamName="" useRefParam="false"/>
				<String name="BulletActionName" value="" refParamName="" useRefParam="false"/>
				<bool name="bAgeImmeExcute" value="false" refParamName="" useRefParam="false"/>
				<bool name="bUseTriggerObj" value="false" refParamName="" useRefParam="false"/>
				<bool name="bForceUseTriggerObj" value="false" refParamName="" useRefParam="false"/>
				<bool name="bCheckSight" value="false" refParamName="" useRefParam="false"/>
				<bool name="bTriggerMode" value="false" refParamName="" useRefParam="false"/>
				<bool name="bTriggerBounceBullet" value="false" refParamName="" useRefParam="false"/>
				<bool name="bCheckSkillLevel" value="false" refParamName="" useRefParam="false"/>
				<Enum name="refSkillSlot" value="1" refParamName="" useRefParam="false">
					<uint name="普攻"/>
					<uint name="技能1"/>
					<uint name="技能2"/>
					<uint name="技能3"/>
					<uint name="技能4"/>
					<uint name="天赋技能"/>
					<uint name="回城"/>
					<uint name="饰品栏技能"/>
					<uint name=""/>
				</Enum>
				<int name="refSkillLevel" value="0" refParamName="" useRefParam="false"/>
				<Enum name="compareOPType" value="3" refParamName="" useRefParam="false">
					<uint name="不比较"/>
					<uint name="小于"/>
					<uint name="小等于"/>
					<uint name="等于"/>
					<uint name="大于"/>
					<uint name="大等于"/>
					<uint name=""/>
				</Enum>
				<bool name="bFilterMajorMonster" value="false" refParamName="" useRefParam="false"/>
				<bool name="bFilterMinorMonster" value="false" refParamName="" useRefParam="false"/>
				<bool name="bFilterSoldier" value="false" refParamName="" useRefParam="false"/>
				<bool name="bFilterOtherMonster" value="false" refParamName="" useRefParam="false"/>
				<bool name="bAddEffectCount" value="true" refParamName="" useRefParam="false"/>
				<bool name="bOverrideParam" value="false" refParamName="" useRefParam="false"/>
				<int name="buffOverrideParam1" value="0" refParamName="" useRefParam="false"/>
				<int name="buffOverrideParam2" value="0" refParamName="" useRefParam="false"/>
				<int name="buffOverrideParam3" value="0" refParamName="" useRefParam="false"/>
				<int name="buffOverrideParam4" value="0" refParamName="" useRefParam="false"/>
				<int name="buffOverrideParam5" value="0" refParamName="" useRefParam="false"/>
			</Event>
		</Track>
		<Track trackName="HitTriggerTick0" eventType="HitTriggerTick" guid="2e0249e6-1bae-4a84-a63a-5f79fca8090f" enabled="true" useRefParam="false" refParamName="" r="0.517" g="0.000" b="1.000" execOnForceStopped="false" execOnActionCompleted="false" stopAfterLastEvent="true">
			<Event eventName="HitTriggerTick" time="0.100" isDuration="false">
				<TemplateObject name="targetId" objectName="self" id="0" isTemp="false" refParamName="" useRefParam="false"/>
				<TemplateObject name="hitTargetId" objectName="None" id="-1" isTemp="false" refParamName="" useRefParam="false"/>
				<TemplateObject name="triggerId" objectName="None" id="-1" isTemp="false" refParamName="" useRefParam="false"/>
				<bool name="bulletHit" value="false" refParamName="" useRefParam="false"/>
				<TemplateObject name="victimId" objectName="None" id="-1" isTemp="false" refParamName="" useRefParam="false"/>
				<bool name="lastHit" value="false" refParamName="" useRefParam="false"/>
				<bool name="bSkillCombineChoose" value="false" refParamName="" useRefParam="false"/>
				<int name="SelfSkillCombineID_1" value="0" refParamName="" useRefParam="false"/>
				<int name="SelfSkillCombineID_2" value="0" refParamName="" useRefParam="false"/>
				<int name="SelfSkillCombineID1Probability" value="0" refParamName="" useRefParam="false"/>
				<int name="SelfSkillCombineID2Probability" value="0" refParamName="" useRefParam="false"/>
				<int name="SelfSkillCombineID3Probability" value="0" refParamName="" useRefParam="false"/>
				<int name="SelfSkillCombineID_3" value="0" refParamName="" useRefParam="false"/>
				<int name="TargetSkillCombine_1" value="518200" refParamName="" useRefParam="false"/>
				<int name="TargetSkillCombine_2" value="518210" refParamName="" useRefParam="false"/>
				<int name="TargetSkillCombineID1Probability" value="0" refParamName="" useRefParam="false"/>
				<int name="TargetSkillCombineID2Probability" value="0" refParamName="" useRefParam="false"/>
				<int name="TargetSkillCombineID3Probability" value="0" refParamName="" useRefParam="false"/>
				<int name="TargetSkillCombine_3" value="518211" refParamName="" useRefParam="false"/>
				<bool name="bCheckSkillLevel" value="false" refParamName="" useRefParam="false"/>
				<Enum name="refSkillSlot" value="1" refParamName="" useRefParam="false">
					<uint name="普攻"/>
					<uint name="技能1"/>
					<uint name="技能2"/>
					<uint name="技能3"/>
					<uint name="技能4"/>
					<uint name="天赋技能"/>
					<uint name="回城"/>
					<uint name="饰品栏技能"/>
					<uint name=""/>
				</Enum>
				<int name="refSkillLevel" value="0" refParamName="" useRefParam="false"/>
				<Enum name="compareOPType" value="3" refParamName="" useRefParam="false">
					<uint name="不比较"/>
					<uint name="小于"/>
					<uint name="小等于"/>
					<uint name="等于"/>
					<uint name="大于"/>
					<uint name="大等于"/>
					<uint name=""/>
				</Enum>
				<bool name="bCheckSight" value="false" refParamName="" useRefParam="false"/>
				<bool name="bExtraBuff" value="false" refParamName="" useRefParam="false"/>
				<bool name="bOverrideParam" value="false" refParamName="" useRefParam="false"/>
				<int name="buffOverrideParam1" value="0" refParamName="" useRefParam="false"/>
				<int name="buffOverrideParam2" value="0" refParamName="" useRefParam="false"/>
				<int name="buffOverrideParam3" value="0" refParamName="" useRefParam="false"/>
				<int name="buffOverrideParam4" value="0" refParamName="" useRefParam="false"/>
				<int name="buffOverrideParam5" value="0" refParamName="" useRefParam="false"/>
				<TemplateObject name="paramTargetId" objectName="None" id="-1" isTemp="false" refParamName="" useRefParam="false"/>
				<TemplateObject name="paramTargetId2" objectName="None" id="-1" isTemp="false" refParamName="" useRefParam="false"/>
			</Event>
		</Track>
		<Track trackName="SkillUseCacheTick14" eventType="SkillUseCacheTick" guid="cf1eec6b-2ad5-407b-97ad-f8e8d31ca501" enabled="true" useRefParam="false" refParamName="" r="1.000" g="0.633" b="0.000" execOnForceStopped="false" execOnActionCompleted="false" stopAfterLastEvent="true">
			<Event eventName="SkillUseCacheTick" time="0.267" isDuration="false">
				<TemplateObject name="targetId" objectName="self" id="0" isTemp="false" refParamName="" useRefParam="false"/>
				<bool name="excuteMoveCmd" value="false" refParamName="" useRefParam="false"/>
				<bool name="immediaRotate" value="false" refParamName="" useRefParam="false"/>
			</Event>
		</Track>
		<Track trackName="TriggerParticleTick0" eventType="TriggerParticleTick" guid="b2c597e5-5a1b-4c58-8388-d5d061fb05d2" enabled="true" useRefParam="false" refParamName="" r="0.017" g="1.000" b="0.000" execOnForceStopped="false" execOnActionCompleted="false" stopAfterLastEvent="true">
			<Event eventName="TriggerParticleTick" time="0.000" isDuration="false">
				<TemplateObject name="targetId" objectName="None" id="-1" isTemp="false" refParamName="" useRefParam="false"/>
				<TemplateObject name="objectSpaceId" objectName="self" id="0" isTemp="false" refParamName="" useRefParam="false"/>
				<bool name="bDonotAttackToMesh" value="false" refParamName="" useRefParam="false"/>
				<String name="parentResourceName" value="" refParamName="" useRefParam="false"/>
				<String name="resourceName" value="prefab_skill_effects/hero_skill_effects/518_quillen/51804/jingke_attack01_spell02" refParamName="" useRefParam="false"/>
				<String name="resourceName2" value="" refParamName="" useRefParam="false"/>
				<String name="resourceName3" value="" refParamName="" useRefParam="false"/>
				<float name="lifeTime" value="1.000" refParamName="" useRefParam="false"/>
				<String name="bindPointName" value="" refParamName="" useRefParam="false"/>
				<bool name="dontShowIfNoBindPoint" value="false" refParamName="" useRefParam="false"/>
				<Vector3 name="bindPosOffset" x="0.000" y="0.000" z="0.000" refParamName="" useRefParam="false"/>
				<EulerAngle name="bindRotOffset" x="0.000" y="0.000" z="0.000" refParamName="" useRefParam="false"/>
				<Vector3 name="scaling" x="1.000" y="1.000" z="1.000" refParamName="" useRefParam="false"/>
				<bool name="bUseRealScaling" value="false" refParamName="" useRefParam="false"/>
				<bool name="bEnableOptCull" value="true" refParamName="" useRefParam="false"/>
				<bool name="bBulletPos" value="false" refParamName="" useRefParam="false"/>
				<bool name="bBulletDir" value="false" refParamName="" useRefParam="false"/>
				<bool name="bBullerPosDir" value="false" refParamName="" useRefParam="false"/>
				<bool name="bUseHeroLocalForward" value="false" refParamName="" useRefParam="false"/>
				<bool name="applyActionSpeedToAnimation" value="false" refParamName="" useRefParam="false"/>
				<TemplateObject name="lookTargetId" objectName="None" id="-1" isTemp="false" refParamName="" useRefParam="false"/>
				<bool name="applyActionSpeedToParticle" value="false" refParamName="" useRefParam="false"/>
				<int name="extend" value="10" refParamName="" useRefParam="false"/>
				<bool name="bOnlyFollowPos" value="false" refParamName="" useRefParam="false"/>
				<bool name="bRotateFollowCamera" value="false" refParamName="" useRefParam="false"/>
				<int name="particleScaleGrow" value="0" refParamName="" useRefParam="false"/>
				<bool name="bRandomRotation" value="false" refParamName="" useRefParam="false"/>
				<EulerAngle name="randRotBegin" x="0.000" y="0.000" z="0.000" refParamName="" useRefParam="false"/>
				<EulerAngle name="randRotEnd" x="0.000" y="0.000" z="0.000" refParamName="" useRefParam="false"/>
				<bool name="bUseTargetSkinEffect" value="false" refParamName="" useRefParam="false"/>
				<Enum name="ReplacementUsage" value="0" refParamName="" useRefParam="false">
					<uint name="无"/>
					<uint name="回城特效"/>
					<uint name="击杀特效"/>
					<uint name="泉水加速特效"/>
				</Enum>
				<Enum name="ReplacementSubUsage" value="0" refParamName="" useRefParam="false">
					<uint name="无"/>
					<uint name="回城落地特效"/>
				</Enum>
				<bool name="bNoDynamicLod" value="false" refParamName="" useRefParam="false"/>
				<bool name="bMeshResouce" value="false" refParamName="" useRefParam="false"/>
				<bool name="bAllowEmptyEffect" value="false" refParamName="" useRefParam="false"/>
			</Event>
		</Track>
		<Track trackName="StopTrack0" eventType="StopTrack" guid="743541dd-a600-4d71-9b68-0a41243f75fc" enabled="false" useRefParam="false" refParamName="" r="0.000" g="1.000" b="0.467" execOnForceStopped="false" execOnActionCompleted="false" stopAfterLastEvent="true">
			<Condition id="11" guid="2e0249e6-1bae-4a84-a63a-5f79fca8090f" status="true"/>
			<Event eventName="StopTrack" time="0.200" isDuration="false">
				<TrackObject name="trackId" id="7" guid="d61afea5-4d16-4810-bb3e-b34718d2f058" refParamName="" useRefParam="false"/>
				<bool name="alsoStopNotStartedTrack" value="false" refParamName="" useRefParam="false"/>
			</Event>
		</Track>
	</Action>
</Project>

