<?xml version="1.0" encoding="utf-8"?>
<Project>
	<TemplateObjectList>
		<TemplateObject objectName="self" id="0" isTemp="false"/>
		<TemplateObject objectName="target" id="1" isTemp="false"/>
	</TemplateObjectList>
	<RefParamList/>
	<Action tag="" length="8.000" loop="false">
		<Track trackName="SkillFuncPerioidc0" eventType="SkillFuncPerioidc" guid="9c663611-cd99-4602-939d-60f8eb8ea2b1" enabled="true" useRefParam="false" refParamName="" r="1.000" g="0.000" b="0.200" execOnForceStopped="false" execOnActionCompleted="false" stopAfterLastEvent="true">
			<Event eventName="SkillFuncPerioidc" time="0.000" length="8.000" isDuration="true">
				<Enum name="SkillFuncType" value="3" refParamName="" useRefParam="false">
					<uint name="物理伤害"/>
					<uint name="法术伤害"/>
					<uint name="真实伤害"/>
					<uint name="回复生命值"/>
					<uint name="增加攻击速度"/>
					<uint name="减少攻击速度"/>
					<uint name="增加移动速度"/>
					<uint name="减少移动速度"/>
					<uint name="提高攻击力"/>
					<uint name="降低攻击力"/>
					<uint name="吸血"/>
					<uint name="增加护甲"/>
					<uint name="减少护甲"/>
					<uint name="增加抗性"/>
					<uint name="减少抗性"/>
					<uint name="免疫效果"/>
					<uint name="减少技能CD"/>
					<uint name="增加法术强度"/>
					<uint name="减少法术强度"/>
					<uint name="增加暴击率"/>
					<uint name="减少暴击率"/>
					<uint name="增加最大生命"/>
					<uint name="减少最大生命"/>
					<uint name="增加物理穿透"/>
					<uint name="减少物理穿透"/>
					<uint name="增加法术穿透"/>
					<uint name="减少法术穿透"/>
					<uint name="护盾"/>
					<uint name="增加技能印记"/>
					<uint name="触发技能印记"/>
					<uint name="免疫伤害"/>
					<uint name="免疫控制"/>
					<uint name="迅速复活"/>
					<uint name="法球效果"/>
					<uint name="驱散效果"/>
					<uint name="物理吸血"/>
					<uint name="法术吸血"/>
					<uint name="伤害免疫率"/>
				</Enum>
				<int name="PeriodicInterval" value="500" refParamName="" useRefParam="false"/>
			</Event>
		</Track>
		<Track trackName="TriggerParticle1" eventType="TriggerParticle" guid="e685dc1a-6fa6-4956-bf88-0a0672c2d369" enabled="true" useRefParam="false" refParamName="" r="0.183" g="0.000" b="1.000" execOnForceStopped="false" execOnActionCompleted="false" stopAfterLastEvent="true">
			<Event eventName="TriggerParticle" time="0.000" length="8.000" isDuration="true">
				<TemplateObject name="targetId" objectName="self" id="0" isTemp="false" refParamName="" useRefParam="false"/>
				<TemplateObject name="objectSpaceId" objectName="self" id="0" isTemp="false" refParamName="" useRefParam="false"/>
				<TemplateObject name="VirtualAttachBulletId" objectName="None" id="-1" isTemp="false" refParamName="" useRefParam="false"/>
				<bool name="bUseAttachBulletShape" value="false" refParamName="" useRefParam="false"/>
				<String name="resourceName" value="prefab_skill_effects/hero_skill_effects/144_chengyaojin/14405/chengyaojin_buff_02" refParamName="" useRefParam="false"/>
				<String name="resourceName2" value="" refParamName="" useRefParam="false"/>
				<String name="resourceName3" value="" refParamName="" useRefParam="false"/>
				<String name="bindPointName" value="" refParamName="" useRefParam="false"/>
				<Vector3 name="bindPosOffset" x="0.000" y="0.000" z="0.000" refParamName="" useRefParam="false"/>
				<bool name="bBindPosOffsetInWorldSpace" value="false" refParamName="" useRefParam="false"/>
				<EulerAngle name="bindRotOffset" x="0.000" y="0.000" z="0.000" refParamName="" useRefParam="false"/>
				<Vector3 name="scaling" x="1.000" y="1.000" z="1.000" refParamName="" useRefParam="false"/>
				<bool name="bEnableOptCull" value="true" refParamName="" useRefParam="false"/>
				<bool name="enableLayer" value="false" refParamName="" useRefParam="false"/>
				<bool name="bBulletPos" value="false" refParamName="" useRefParam="false"/>
				<bool name="bBulletDir" value="false" refParamName="" useRefParam="false"/>
				<bool name="bBullerPosDir" value="false" refParamName="" useRefParam="false"/>
				<int name="layer" value="0" refParamName="" useRefParam="false"/>
				<bool name="enableTag" value="false" refParamName="" useRefParam="false"/>
				<String name="tag" value="" refParamName="" useRefParam="false"/>
				<bool name="applyActionSpeedToParticle" value="true" refParamName="" useRefParam="false"/>
				<int name="extend" value="10" refParamName="" useRefParam="false"/>
				<bool name="bOnlyFollowPos" value="false" refParamName="" useRefParam="false"/>
				<bool name="bUseSkinAdvance" value="false" refParamName="" useRefParam="false"/>
				<int name="iDelayDisappearTime" value="0" refParamName="" useRefParam="false"/>
				<bool name="bHideWhenDead" value="true" refParamName="" useRefParam="false"/>
				<bool name="bRotateFollowCamera" value="false" refParamName="" useRefParam="false"/>
			</Event>
		</Track>
	</Action>
</Project>

