<?xml version="1.0" encoding="utf-8"?>
<Project>
	<TemplateObjectList>
		<TemplateObject objectName="self" id="0" isTemp="false"/>
		<TemplateObject objectName="target" id="1" isTemp="false"/>
		<TemplateObject objectName="bullet" id="2" isTemp="true"/>
	</TemplateObjectList>
	<RefParamList/>
	<Action tag="" length="1.333" loop="false">
		<Track trackName="SetBehaviourModeTick4" eventType="SetBehaviourModeTick" guid="cb2d7ff1-962e-4814-b9cd-1116d6359a3c" enabled="false" useRefParam="false" refParamName="" r="0.000" g="0.683" b="1.000" execOnForceStopped="false" execOnActionCompleted="false" stopAfterLastEvent="true">
			<Event eventName="SetBehaviourModeTick" time="0.000" isDuration="false">
				<TemplateObject name="targetId" objectName="self" id="0" isTemp="false" refParamName="" useRefParam="false"/>
				<bool name="stopMove" value="true" refParamName="" useRefParam="false"/>
				<bool name="clearMove" value="false" refParamName="" useRefParam="false"/>
				<bool name="stopCurSkill" value="false" refParamName="" useRefParam="false"/>
				<bool name="delayStopCurSkill" value="false" refParamName="" useRefParam="false"/>
				<bool name="deadControl" value="false" refParamName="" useRefParam="false"/>
			</Event>
		</Track>
		<Track trackName="SetAttackDirDuration0" eventType="SetAttackDirDuration" guid="f5a8fa3e-60d4-4dad-8e1c-80ff8503046b" enabled="true" useRefParam="false" refParamName="" r="1.000" g="0.000" b="0.917" execOnForceStopped="false" execOnActionCompleted="false" stopAfterLastEvent="true">
			<Event eventName="SetAttackDirDuration" time="0.000" length="0.667" isDuration="true">
				<TemplateObject name="attackerId" objectName="self" id="0" isTemp="false" refParamName="" useRefParam="false"/>
				<bool name="bForceRotate" value="true" refParamName="" useRefParam="false"/>
				<bool name="bImmediateRotate" value="true" refParamName="" useRefParam="false"/>
			</Event>
		</Track>
		<Track trackName="ForbidAbilityDuration2" eventType="ForbidAbilityDuration" guid="fc0e2e94-f3a6-4b0a-9827-8273ccea9616" enabled="true" useRefParam="false" refParamName="" r="0.000" g="1.000" b="0.317" execOnForceStopped="false" execOnActionCompleted="false" stopAfterLastEvent="true">
			<Event eventName="ForbidAbilityDuration" time="0.000" length="0.167" isDuration="true">
				<TemplateObject name="attackerId" objectName="self" id="0" isTemp="false" refParamName="" useRefParam="false"/>
				<bool name="forbidMove" value="true" refParamName="" useRefParam="false"/>
				<bool name="forbidSkill" value="true" refParamName="" useRefParam="false"/>
				<bool name="forceForbidding" value="false" refParamName="" useRefParam="false"/>
				<bool name="forbidFilterSkill0" value="false" refParamName="" useRefParam="false"/>
				<bool name="forbidFilterSkill1" value="true" refParamName="" useRefParam="false"/>
				<bool name="forbidFilterSkill2" value="true" refParamName="" useRefParam="false"/>
				<bool name="forbidFilterSkill3" value="true" refParamName="" useRefParam="false"/>
				<bool name="forbidFilterSkill4" value="true" refParamName="" useRefParam="false"/>
				<bool name="forbidFilterSkill5" value="true" refParamName="" useRefParam="false"/>
				<bool name="forbidFilterSkill6" value="true" refParamName="" useRefParam="false"/>
				<bool name="forbidFilterSkill7" value="true" refParamName="" useRefParam="false"/>
				<bool name="forbidFilterSkill9" value="true" refParamName="" useRefParam="false"/>
				<bool name="forbidFilterSummonerSkill" value="false" refParamName="" useRefParam="false"/>
				<bool name="forbidFilterMapSkill" value="false" refParamName="" useRefParam="false"/>
				<bool name="forbidFilterEquipActiveSkill" value="false" refParamName="" useRefParam="false"/>
				<bool name="forbidFilterActiveSkill" value="false" refParamName="" useRefParam="false"/>
				<bool name="forbidSkillAbort" value="true" refParamName="" useRefParam="false"/>
				<bool name="abortFilterSkill0" value="false" refParamName="" useRefParam="false"/>
				<bool name="abortFilterSkill1" value="false" refParamName="" useRefParam="false"/>
				<bool name="abortFilterSkill2" value="false" refParamName="" useRefParam="false"/>
				<bool name="abortFilterSkill3" value="false" refParamName="" useRefParam="false"/>
				<bool name="abortFilterSkill4" value="false" refParamName="" useRefParam="false"/>
				<bool name="abortFilterSkill5" value="false" refParamName="" useRefParam="false"/>
				<bool name="abortFilterSkill7" value="false" refParamName="" useRefParam="false"/>
				<bool name="abortFilterSkill9" value="false" refParamName="" useRefParam="false"/>
				<bool name="abortFilterMove" value="false" refParamName="" useRefParam="false"/>
				<bool name="abortFilterDamage" value="false" refParamName="" useRefParam="false"/>
				<bool name="forbidMoveRotate" value="false" refParamName="" useRefParam="false"/>
				<bool name="delaySkillAbort" value="true" refParamName="" useRefParam="false"/>
				<bool name="ImmuneNegative" value="false" refParamName="" useRefParam="false"/>
				<bool name="ImmuneControl" value="false" refParamName="" useRefParam="false"/>
				<bool name="forbidEnergyRecover" value="false" refParamName="" useRefParam="false"/>
				<bool name="forbidCollisionDetection" value="false" refParamName="" useRefParam="false"/>
				<bool name="ImmuneSkillSelect" value="false" refParamName="" useRefParam="false"/>
				<bool name="forbidCallBoss" value="false" refParamName="" useRefParam="false"/>
				<bool name="forbidExtraBtnSlot1" value="false" refParamName="" useRefParam="false"/>
			</Event>
		</Track>
		<Track trackName="ForbidAbilityDuration2" eventType="ForbidAbilityDuration" guid="dea4efee-b6eb-4e31-8f14-cd464e6178b6" enabled="true" useRefParam="false" refParamName="" r="0.000" g="1.000" b="0.283" execOnForceStopped="false" execOnActionCompleted="false" stopAfterLastEvent="true">
			<Event eventName="ForbidAbilityDuration" time="0.167" length="0.500" isDuration="true">
				<TemplateObject name="attackerId" objectName="self" id="0" isTemp="false" refParamName="" useRefParam="false"/>
				<bool name="forbidMove" value="false" refParamName="" useRefParam="false"/>
				<bool name="forbidSkill" value="true" refParamName="" useRefParam="false"/>
				<bool name="forceForbidding" value="false" refParamName="" useRefParam="false"/>
				<bool name="forbidFilterSkill0" value="false" refParamName="" useRefParam="false"/>
				<bool name="forbidFilterSkill1" value="true" refParamName="" useRefParam="false"/>
				<bool name="forbidFilterSkill2" value="true" refParamName="" useRefParam="false"/>
				<bool name="forbidFilterSkill3" value="true" refParamName="" useRefParam="false"/>
				<bool name="forbidFilterSkill4" value="true" refParamName="" useRefParam="false"/>
				<bool name="forbidFilterSkill5" value="true" refParamName="" useRefParam="false"/>
				<bool name="forbidFilterSkill6" value="true" refParamName="" useRefParam="false"/>
				<bool name="forbidFilterSkill7" value="true" refParamName="" useRefParam="false"/>
				<bool name="forbidFilterSkill9" value="true" refParamName="" useRefParam="false"/>
				<bool name="forbidFilterSummonerSkill" value="false" refParamName="" useRefParam="false"/>
				<bool name="forbidFilterMapSkill" value="false" refParamName="" useRefParam="false"/>
				<bool name="forbidFilterEquipActiveSkill" value="false" refParamName="" useRefParam="false"/>
				<bool name="forbidFilterActiveSkill" value="false" refParamName="" useRefParam="false"/>
				<bool name="forbidSkillAbort" value="true" refParamName="" useRefParam="false"/>
				<bool name="abortFilterSkill0" value="false" refParamName="" useRefParam="false"/>
				<bool name="abortFilterSkill1" value="false" refParamName="" useRefParam="false"/>
				<bool name="abortFilterSkill2" value="false" refParamName="" useRefParam="false"/>
				<bool name="abortFilterSkill3" value="false" refParamName="" useRefParam="false"/>
				<bool name="abortFilterSkill4" value="false" refParamName="" useRefParam="false"/>
				<bool name="abortFilterSkill5" value="false" refParamName="" useRefParam="false"/>
				<bool name="abortFilterSkill7" value="false" refParamName="" useRefParam="false"/>
				<bool name="abortFilterSkill9" value="false" refParamName="" useRefParam="false"/>
				<bool name="abortFilterMove" value="false" refParamName="" useRefParam="false"/>
				<bool name="abortFilterDamage" value="false" refParamName="" useRefParam="false"/>
				<bool name="forbidMoveRotate" value="false" refParamName="" useRefParam="false"/>
				<bool name="delaySkillAbort" value="true" refParamName="" useRefParam="false"/>
				<bool name="ImmuneNegative" value="false" refParamName="" useRefParam="false"/>
				<bool name="ImmuneControl" value="false" refParamName="" useRefParam="false"/>
				<bool name="forbidEnergyRecover" value="false" refParamName="" useRefParam="false"/>
				<bool name="forbidCollisionDetection" value="false" refParamName="" useRefParam="false"/>
				<bool name="ImmuneSkillSelect" value="false" refParamName="" useRefParam="false"/>
				<bool name="forbidCallBoss" value="false" refParamName="" useRefParam="false"/>
				<bool name="forbidExtraBtnSlot1" value="false" refParamName="" useRefParam="false"/>
			</Event>
		</Track>
		<Track trackName="ForbidAbilityDuration2" eventType="ForbidAbilityDuration" guid="9d0c3531-d7de-43da-9053-6febcb162ab3" enabled="true" useRefParam="false" refParamName="" r="0.817" g="1.000" b="0.000" execOnForceStopped="false" execOnActionCompleted="false" stopAfterLastEvent="true">
			<Event eventName="ForbidAbilityDuration" time="0.667" length="0.067" isDuration="true">
				<TemplateObject name="attackerId" objectName="self" id="0" isTemp="false" refParamName="" useRefParam="false"/>
				<bool name="forbidMove" value="true" refParamName="" useRefParam="false"/>
				<bool name="forbidSkill" value="false" refParamName="" useRefParam="false"/>
				<bool name="forceForbidding" value="false" refParamName="" useRefParam="false"/>
				<bool name="forbidFilterSkill0" value="false" refParamName="" useRefParam="false"/>
				<bool name="forbidFilterSkill1" value="false" refParamName="" useRefParam="false"/>
				<bool name="forbidFilterSkill2" value="false" refParamName="" useRefParam="false"/>
				<bool name="forbidFilterSkill3" value="false" refParamName="" useRefParam="false"/>
				<bool name="forbidFilterSkill4" value="false" refParamName="" useRefParam="false"/>
				<bool name="forbidFilterSkill5" value="false" refParamName="" useRefParam="false"/>
				<bool name="forbidFilterSkill6" value="false" refParamName="" useRefParam="false"/>
				<bool name="forbidFilterSkill7" value="false" refParamName="" useRefParam="false"/>
				<bool name="forbidFilterSkill9" value="false" refParamName="" useRefParam="false"/>
				<bool name="forbidFilterSummonerSkill" value="false" refParamName="" useRefParam="false"/>
				<bool name="forbidFilterMapSkill" value="false" refParamName="" useRefParam="false"/>
				<bool name="forbidFilterEquipActiveSkill" value="false" refParamName="" useRefParam="false"/>
				<bool name="forbidFilterActiveSkill" value="false" refParamName="" useRefParam="false"/>
				<bool name="forbidSkillAbort" value="true" refParamName="" useRefParam="false"/>
				<bool name="abortFilterSkill0" value="false" refParamName="" useRefParam="false"/>
				<bool name="abortFilterSkill1" value="false" refParamName="" useRefParam="false"/>
				<bool name="abortFilterSkill2" value="false" refParamName="" useRefParam="false"/>
				<bool name="abortFilterSkill3" value="false" refParamName="" useRefParam="false"/>
				<bool name="abortFilterSkill4" value="false" refParamName="" useRefParam="false"/>
				<bool name="abortFilterSkill5" value="false" refParamName="" useRefParam="false"/>
				<bool name="abortFilterSkill7" value="false" refParamName="" useRefParam="false"/>
				<bool name="abortFilterSkill9" value="false" refParamName="" useRefParam="false"/>
				<bool name="abortFilterMove" value="false" refParamName="" useRefParam="false"/>
				<bool name="abortFilterDamage" value="false" refParamName="" useRefParam="false"/>
				<bool name="forbidMoveRotate" value="true" refParamName="" useRefParam="false"/>
				<bool name="delaySkillAbort" value="true" refParamName="" useRefParam="false"/>
				<bool name="ImmuneNegative" value="false" refParamName="" useRefParam="false"/>
				<bool name="ImmuneControl" value="false" refParamName="" useRefParam="false"/>
				<bool name="forbidEnergyRecover" value="false" refParamName="" useRefParam="false"/>
				<bool name="forbidCollisionDetection" value="false" refParamName="" useRefParam="false"/>
				<bool name="ImmuneSkillSelect" value="false" refParamName="" useRefParam="false"/>
				<bool name="forbidCallBoss" value="false" refParamName="" useRefParam="false"/>
				<bool name="forbidExtraBtnSlot1" value="false" refParamName="" useRefParam="false"/>
			</Event>
		</Track>
		<Track trackName="SkillInputCacheDuration0" eventType="SkillInputCacheDuration" guid="70f6e72d-653b-44a8-a8c9-50ec9a2402b9" enabled="true" useRefParam="false" refParamName="" r="0.000" g="0.967" b="1.000" execOnForceStopped="false" execOnActionCompleted="false" stopAfterLastEvent="true">
			<Event eventName="SkillInputCacheDuration" time="0.000" length="0.734" isDuration="true">
				<TemplateObject name="targetId" objectName="self" id="0" isTemp="false" refParamName="" useRefParam="false"/>
				<bool name="cacheSkill" value="true" refParamName="" useRefParam="false"/>
				<bool name="cacheMove" value="false" refParamName="" useRefParam="false"/>
			</Event>
		</Track>
		<Track trackName="SkillInputCacheDuration2" eventType="SkillInputCacheDuration" guid="096ef1d2-38fc-4cea-85a6-443268c55c27" enabled="false" useRefParam="false" refParamName="" r="1.000" g="0.650" b="0.000" execOnForceStopped="false" execOnActionCompleted="false" stopAfterLastEvent="true">
			<Event eventName="SkillInputCacheDuration" time="0.000" length="0.167" isDuration="true">
				<TemplateObject name="targetId" objectName="self" id="0" isTemp="false" refParamName="" useRefParam="false"/>
				<bool name="cacheSkill" value="false" refParamName="" useRefParam="false"/>
				<bool name="cacheMove" value="true" refParamName="" useRefParam="false"/>
			</Event>
		</Track>
		<Track trackName="PlayAnimDuration0" eventType="PlayAnimDuration" guid="aea0a916-e3f8-4524-b464-307e531ce3ae" enabled="true" useRefParam="false" refParamName="" r="0.000" g="1.000" b="0.750" execOnForceStopped="false" execOnActionCompleted="false" stopAfterLastEvent="true">
			<Event eventName="PlayAnimDuration" time="0.000" length="1.333" isDuration="true">
				<TemplateObject name="targetId" objectName="self" id="0" isTemp="false" refParamName="" useRefParam="false"/>
				<String name="clipName" value="Spell1_1" refParamName="" useRefParam="false"/>
				<bool name="bDontReplaceSameAnim" value="false" refParamName="" useRefParam="false"/>
				<int name="layer" value="1" refParamName="" useRefParam="false"/>
				<int name="subLayer" value="0" refParamName="" useRefParam="false"/>
				<bool name="bLoop" value="false" refParamName="" useRefParam="false"/>
				<float name="crossFadeTime" value="0.100" refParamName="" useRefParam="false"/>
				<bool name="bUseFadeOutTime" value="true" refParamName="" useRefParam="false"/>
				<float name="fadeOutTime" value="0.200" refParamName="" useRefParam="false"/>
				<float name="startTime" value="0.000" refParamName="" useRefParam="false"/>
				<float name="endTime" value="99999.000" refParamName="" useRefParam="false"/>
				<bool name="applyActionSpeed" value="false" refParamName="" useRefParam="false"/>
				<bool name="alwaysAnimate" value="false" refParamName="" useRefParam="false"/>
				<bool name="bKeepOldSpeed" value="false" refParamName="" useRefParam="false"/>
				<bool name="bCanNotBeCulled" value="false" refParamName="" useRefParam="false"/>
				<String name="beginClipName" value="" refParamName="" useRefParam="false"/>
				<bool name="bPlayBeginClipName" value="false" refParamName="" useRefParam="false"/>
				<String name="endClipName" value="" refParamName="" useRefParam="false"/>
				<bool name="bPlayEndClipName" value="false" refParamName="" useRefParam="false"/>
			</Event>
		</Track>
		<Track trackName="StopTrack0" eventType="StopTrack" guid="fb936bce-91d3-42e0-8227-037cbe4ec819" enabled="true" useRefParam="false" refParamName="" r="0.000" g="0.483" b="1.000" execOnForceStopped="false" execOnActionCompleted="false" stopAfterLastEvent="true">
			<Event eventName="StopTrack" time="0.733" isDuration="false">
				<TrackObject name="trackId" id="7" guid="aea0a916-e3f8-4524-b464-307e531ce3ae" refParamName="" useRefParam="false"/>
			</Event>
		</Track>
		<Track trackName="SkillCDTriggerTick0" eventType="SkillCDTriggerTick" guid="1ce8b07d-105a-45c3-b70b-a9e0232653fb" enabled="true" useRefParam="false" refParamName="" r="1.000" g="0.000" b="0.250" execOnForceStopped="false" execOnActionCompleted="false" stopAfterLastEvent="true">
			<Event eventName="SkillCDTriggerTick" time="0.000" isDuration="false">
				<TemplateObject name="targetId" objectName="self" id="0" isTemp="false" refParamName="" useRefParam="false"/>
				<bool name="useSlotType" value="false" refParamName="" useRefParam="false"/>
				<Enum name="slotType" value="0" refParamName="" useRefParam="false">
					<uint name="普通"/>
					<uint name="技能1"/>
					<uint name="技能2"/>
					<uint name="技能3"/>
					<uint name="技能4"/>
				</Enum>
				<int name="overrideCDValue" value="0" refParamName="" useRefParam="false"/>
			</Event>
		</Track>
		<Track trackName="SkillUseCacheTick0" eventType="SkillUseCacheTick" guid="ce3f8cd0-1dba-431d-a723-90c4bab2e9b4" enabled="false" useRefParam="false" refParamName="" r="0.033" g="0.000" b="1.000" execOnForceStopped="false" execOnActionCompleted="false" stopAfterLastEvent="true">
			<Event eventName="SkillUseCacheTick" time="0.167" isDuration="false">
				<TemplateObject name="targetId" objectName="self" id="0" isTemp="false" refParamName="" useRefParam="false"/>
			</Event>
		</Track>
		<Track trackName="SkillUseCacheTick0" eventType="SkillUseCacheTick" guid="1e0a82f8-f3b7-4b7b-a9af-e75630ef559f" enabled="true" useRefParam="false" refParamName="" r="1.000" g="0.000" b="0.917" execOnForceStopped="false" execOnActionCompleted="false" stopAfterLastEvent="true">
			<Event eventName="SkillUseCacheTick" time="0.734" isDuration="false">
				<TemplateObject name="targetId" objectName="self" id="0" isTemp="false" refParamName="" useRefParam="false"/>
			</Event>
		</Track>
		<Track trackName="SpawnBulletTick0" eventType="SpawnBulletTick" guid="aa3b10df-9534-47e0-9a23-d9be44298e97" enabled="true" useRefParam="false" refParamName="" r="0.000" g="0.117" b="1.000" execOnForceStopped="false" execOnActionCompleted="false" stopAfterLastEvent="true">
			<Event eventName="SpawnBulletTick" time="0.133" isDuration="false">
				<TemplateObject name="targetId" objectName="self" id="0" isTemp="false" refParamName="" useRefParam="false"/>
				<TemplateObject name="targetPosActorId" objectName="None" id="-1" isTemp="true" refParamName="" useRefParam="false"/>
				<TemplateObject name="referenceObjectId" objectName="None" id="-1" isTemp="false" refParamName="" useRefParam="false"/>
				<String name="ActionName" value="prefab_characters/prefab_hero/173_liyuanfang/skill/s1b1" refParamName="" useRefParam="false"/>
				<String name="SpecialActionName" value="" refParamName="" useRefParam="false"/>
				<bool name="bDeadRemove" value="false" refParamName="" useRefParam="false"/>
				<bool name="bImmeExcute" value="true" refParamName="" useRefParam="false"/>
				<bool name="bAgeEternal" value="false" refParamName="" useRefParam="false"/>
				<int name="bulletTypeId" value="0" refParamName="" useRefParam="false"/>
				<int name="bulletUpperLimit" value="0" refParamName="" useRefParam="false"/>
				<bool name="bSpawnBounceBullet" value="false" refParamName="" useRefParam="false"/>
				<Enum name="bulletSkillType" value="0" refParamName="" useRefParam="false">
					<uint name="默认类型_0"/>
					<uint name="允许特殊打断_1"/>
				</Enum>
			</Event>
		</Track>
		<Track trackName="HitTriggerTick0" eventType="HitTriggerTick" guid="61711e21-ff6d-4a91-bb78-039b83e196f5" enabled="true" useRefParam="false" refParamName="" r="0.783" g="1.000" b="0.000" execOnForceStopped="false" execOnActionCompleted="false" stopAfterLastEvent="true">
			<Event eventName="HitTriggerTick" time="0.000" isDuration="false">
				<TemplateObject name="targetId" objectName="self" id="0" isTemp="false" refParamName="" useRefParam="false"/>
				<TemplateObject name="hitTargetId" objectName="None" id="-1" isTemp="false" refParamName="" useRefParam="false"/>
				<TemplateObject name="triggerId" objectName="None" id="-1" isTemp="false" refParamName="" useRefParam="false"/>
				<bool name="bulletHit" value="false" refParamName="" useRefParam="false"/>
				<TemplateObject name="victimId" objectName="None" id="-1" isTemp="false" refParamName="" useRefParam="false"/>
				<bool name="lastHit" value="false" refParamName="" useRefParam="false"/>
				<bool name="bSkillCombineChoose" value="false" refParamName="" useRefParam="false"/>
				<int name="SelfSkillCombineID_1" value="173150" refParamName="" useRefParam="false"/>
				<int name="SelfSkillCombineID_2" value="173160" refParamName="" useRefParam="false"/>
				<int name="SelfSkillCombineID1Probability" value="0" refParamName="" useRefParam="false"/>
				<int name="SelfSkillCombineID2Probability" value="0" refParamName="" useRefParam="false"/>
				<int name="SelfSkillCombineID3Probability" value="0" refParamName="" useRefParam="false"/>
				<int name="SelfSkillCombineID_3" value="0" refParamName="" useRefParam="false"/>
				<int name="TargetSkillCombine_1" value="0" refParamName="" useRefParam="false"/>
				<int name="TargetSkillCombine_2" value="0" refParamName="" useRefParam="false"/>
				<int name="TargetSkillCombineID1Probability" value="0" refParamName="" useRefParam="false"/>
				<int name="TargetSkillCombineID2Probability" value="0" refParamName="" useRefParam="false"/>
				<int name="TargetSkillCombineID3Probability" value="0" refParamName="" useRefParam="false"/>
				<int name="TargetSkillCombine_3" value="0" refParamName="" useRefParam="false"/>
				<bool name="bCheckSkillLevel" value="false" refParamName="" useRefParam="false"/>
				<Enum name="refSkillSlot" value="1" refParamName="" useRefParam="false">
					<uint name="普攻"/>
					<uint name="技能1"/>
					<uint name="技能2"/>
					<uint name="技能3"/>
					<uint name="技能4"/>
					<uint name="天赋技能"/>
					<uint name="回城"/>
					<uint name="饰品栏技能"/>
					<uint name=""/>
				</Enum>
				<int name="refSkillLevel" value="0" refParamName="" useRefParam="false"/>
				<Enum name="compareOPType" value="3" refParamName="" useRefParam="false">
					<uint name="不比较"/>
					<uint name="小于"/>
					<uint name="小等于"/>
					<uint name="等于"/>
					<uint name="大于"/>
					<uint name="大等于"/>
					<uint name=""/>
				</Enum>
				<bool name="bCheckSight" value="false" refParamName="" useRefParam="false"/>
				<bool name="bExtraBuff" value="false" refParamName="" useRefParam="false"/>
				<bool name="bOverrideParam" value="false" refParamName="" useRefParam="false"/>
				<int name="buffOverrideParam1" value="0" refParamName="" useRefParam="false"/>
				<int name="buffOverrideParam2" value="0" refParamName="" useRefParam="false"/>
				<int name="buffOverrideParam3" value="0" refParamName="" useRefParam="false"/>
				<int name="buffOverrideParam4" value="0" refParamName="" useRefParam="false"/>
				<int name="buffOverrideParam5" value="0" refParamName="" useRefParam="false"/>
				<TemplateObject name="paramTargetId" objectName="None" id="-1" isTemp="false" refParamName="" useRefParam="false"/>
				<TemplateObject name="paramTargetId2" objectName="None" id="-1" isTemp="false" refParamName="" useRefParam="false"/>
			</Event>
		</Track>
		<Track trackName="PlayHeroSoundTick10" eventType="PlayHeroSoundTick" guid="acff45cd-438f-4218-8379-526135cad8cc" enabled="true" useRefParam="false" refParamName="" r="1.000" g="0.000" b="0.083" execOnForceStopped="false" execOnActionCompleted="false" stopAfterLastEvent="true">
			<Event eventName="PlayHeroSoundTick" time="0.000" isDuration="false">
				<TemplateObject name="targetId" objectName="self" id="0" isTemp="false" refParamName="" useRefParam="false"/>
				<TemplateObject name="sourceId" objectName="self" id="0" isTemp="false" refParamName="" useRefParam="false"/>
				<String name="eventName" value="Play_LiYuanFang_Skill_A_1" refParamName="" useRefParam="false"/>
				<bool name="use1P3PSwitch" value="true" refParamName="" useRefParam="false"/>
				<bool name="useSkinSwitch" value="true" refParamName="" useRefParam="false"/>
				<Array name="extraSkinId" refParamName="" useRefParam="false" type="uint"/>
			</Event>
		</Track>
		<Track trackName="PlayHeroSoundTick10" eventType="PlayHeroSoundTick" guid="b0232b21-808d-42e8-a990-72330c208a4f" enabled="true" useRefParam="false" refParamName="" r="0.000" g="1.000" b="0.583" execOnForceStopped="false" execOnActionCompleted="false" stopAfterLastEvent="true">
			<Event eventName="PlayHeroSoundTick" time="0.000" isDuration="false">
				<TemplateObject name="targetId" objectName="self" id="0" isTemp="false" refParamName="" useRefParam="false"/>
				<TemplateObject name="sourceId" objectName="self" id="0" isTemp="false" refParamName="" useRefParam="false"/>
				<String name="eventName" value="Play_LiYuanFang_VO_Skill_A" refParamName="" useRefParam="false"/>
				<bool name="use1P3PSwitch" value="true" refParamName="" useRefParam="false"/>
				<bool name="useSkinSwitch" value="true" refParamName="" useRefParam="false"/>
				<Array name="extraSkinId" refParamName="" useRefParam="false" type="uint"/>
			</Event>
		</Track>
		<Track trackName="SkillCacheMoveDuration0" eventType="SkillCacheMoveDuration" guid="031bfd76-ece0-48b9-9f65-5030c4cc90f3" enabled="false" useRefParam="false" refParamName="" r="1.000" g="0.017" b="0.000" execOnForceStopped="false" execOnActionCompleted="false" stopAfterLastEvent="true">
			<Event eventName="SkillCacheMoveDuration" time="0.167" length="0.500" isDuration="true">
				<TemplateObject name="targetId" objectName="self" id="0" isTemp="false" refParamName="" useRefParam="false"/>
				<int name="moveSpeed" value="4500" refParamName="" useRefParam="false"/>
				<bool name="bIgnoreObstacle" value="false" refParamName="" useRefParam="false"/>
				<bool name="bIgnoreAreaLimit" value="false" refParamName="" useRefParam="false"/>
			</Event>
		</Track>
	</Action>
</Project>

