<?xml version="1.0" encoding="utf-8"?>
<Project>
	<TemplateObjectList>
		<TemplateObject objectName="self" id="0" isTemp="false"/>
		<TemplateObject objectName="target" id="1" isTemp="false"/>
		<TemplateObject objectName="bullet" id="2" isTemp="true"/>
		<TemplateObject objectName="bullet1" id="3" isTemp="true"/>
	</TemplateObjectList>
	<RefParamList>
		<Vector3i name="_TargetDir" x="0" y="0" z="0" refParamName="" useRefParam="false"/>
		<Vector3i name="_TargetPos" x="0" y="0" z="0" refParamName="" useRefParam="false"/>
	</RefParamList>
	<Action tag="" length="1.000" loop="false">
		<Track trackName="FX子弹" eventType="SpawnObjectDuration" guid="d483b2cd-b2fc-46e4-9ef3-efe9b2ca9610" enabled="true" refParamName="" useRefParam="false" r="1.000" g="0.000" b="0.633" execOnForceStopped="false" execOnActionCompleted="false" stopAfterLastEvent="true">
			<Event eventName="SpawnObjectDuration" time="0.000" length="1.000" isDuration="true">
				<TemplateObject name="targetId" objectName="bullet1" id="3" isTemp="true" refParamName="" useRefParam="false"/>
				<TemplateObject name="parentId" objectName="None" id="-1" isTemp="false" refParamName="" useRefParam="false"/>
				<TemplateObject name="objectSpaceId" objectName="self" id="0" isTemp="false" refParamName="" useRefParam="false"/>
				<bool name="bTargetPosition" value="false" refParamName="" useRefParam="false"/>
				<Vector3i name="targetPosition" x="0" y="0" z="0" refParamName="" useRefParam="false"/>
				<String name="prefabName" value="prefab_characters/commonempty" refParamName="" useRefParam="false"/>
				<bool name="bMoveCollision" value="true" refParamName="" useRefParam="false"/>
				<bool name="recreateExisting" value="true" refParamName="" useRefParam="false"/>
				<bool name="superTranslation" value="false" refParamName="" useRefParam="false"/>
				<bool name="modifyTranslation" value="true" refParamName="" useRefParam="false"/>
				<Vector3i name="translation" x="2000" y="1000" z="-1500" refParamName="" useRefParam="false"/>
				<bool name="bHeroEffect" value="false" refParamName="" useRefParam="false"/>
				<bool name="bUseIndicatorDir" value="false" refParamName="" useRefParam="false"/>
				<bool name="modifyDirection" value="true" refParamName="" useRefParam="false"/>
				<Enum name="modifyDirUsage" value="2" refParamName="" useRefParam="false">
					<uint name="使用参考对象朝向"/>
					<uint name="做为本物体朝向"/>
					<uint name="朝向它"/>
					<uint name=""/>
				</Enum>
				<Vector3i name="direction" x="0" y="0" z="0" refParamName="_TargetPos" useRefParam="true"/>
				<bool name="bRotation" value="false" refParamName="" useRefParam="false"/>
				<int name="yRotation" value="0" refParamName="" useRefParam="false"/>
				<bool name="bUseRecordPos" value="false" refParamName="" useRefParam="false"/>
				<bool name="bUseRecordDir" value="false" refParamName="" useRefParam="false"/>
				<bool name="bChangeMaterialWithParent" value="false" refParamName="" useRefParam="false"/>
				<TemplateObject name="materialParentActorId" objectName="None" id="-1" isTemp="false" refParamName="" useRefParam="false"/>
				<bool name="modifyScaling" value="true" refParamName="" useRefParam="false"/>
				<Vector3 name="scaling" x="1.000" y="1.000" z="1.000" refParamName="" useRefParam="false"/>
				<bool name="enableLayer" value="false" refParamName="" useRefParam="false"/>
				<int name="layer" value="0" refParamName="" useRefParam="false"/>
				<bool name="enableTag" value="false" refParamName="" useRefParam="false"/>
				<String name="tag" value="" refParamName="" useRefParam="false"/>
				<bool name="applyActionSpeedToAnimation" value="true" refParamName="" useRefParam="false"/>
				<bool name="applyActionSpeedToParticle" value="true" refParamName="" useRefParam="false"/>
				<int name="sightRadius" value="0" refParamName="" useRefParam="false"/>
				<bool name="bSameVisibleAsAttacker" value="false" refParamName="" useRefParam="false"/>
				<bool name="bUseSkinAdvance" value="false" refParamName="" useRefParam="false"/>
				<bool name="bVisibleByFow" value="true" refParamName="" useRefParam="false"/>
				<TemplateObject name="visionActorId" objectName="self" id="0" isTemp="false" refParamName="" useRefParam="false"/>
				<bool name="bRefreshVision" value="false" refParamName="" useRefParam="false"/>
				<bool name="bLayOnNavMesh" value="false" refParamName="" useRefParam="false"/>
				<bool name="bRealTimeSight" value="false" refParamName="" useRefParam="false"/>
				<bool name="bForbidTargetOutOfNavmeshConvexHull" value="false" refParamName="" useRefParam="false"/>
				<bool name="bEnableAnimation" value="false" refParamName="" useRefParam="false"/>
				<bool name="bInvisibleBullet" value="false" refParamName="" useRefParam="false"/>
				<bool name="bOpenSight" value="false" refParamName="" useRefParam="false"/>
				<bool name="bForbidBulletInObstacle" value="false" refParamName="" useRefParam="false"/>
				<bool name="bBlockObj" value="false" refParamName="" useRefParam="false"/>
				<bool name="bUseSkin" value="false" refParamName="" useRefParam="false"/>
				<bool name="bRecordObjPosition" value="false" refParamName="" useRefParam="false"/>
				<TemplateObject name="recordTargeID" objectName="None" id="-1" isTemp="false" refParamName="" useRefParam="false"/>
			</Event>
		</Track>
		<Track trackName="FX子弹特效" eventType="TriggerParticle" guid="3b30fbce-a1de-4394-9487-656d95d255bd" enabled="true" refParamName="" useRefParam="false" r="0.667" g="1.000" b="0.000" execOnForceStopped="false" execOnActionCompleted="false" stopAfterLastEvent="true">
			<Event eventName="TriggerParticle" time="0.200" length="0.666" isDuration="true">
				<TemplateObject name="targetId" objectName="bullet1" id="3" isTemp="false" refParamName="" useRefParam="false"/>
				<TemplateObject name="objectSpaceId" objectName="None" id="-1" isTemp="false" refParamName="" useRefParam="false"/>
				<String name="parentResourceName" value="" refParamName="" useRefParam="false"/>
				<String name="resourceName" value="prefab_skill_effects/hero_skill_effects/142_caiwenji/14208/meilin_fly_spell01" refParamName="" useRefParam="false"/>
				<String name="resourceName2" value="" refParamName="" useRefParam="false"/>
				<String name="resourceName3" value="" refParamName="" useRefParam="false"/>
				<bool name="dontShowIfNoBindPoint" value="false" refParamName="" useRefParam="false"/>
				<String name="bindPointName" value="" refParamName="" useRefParam="false"/>
				<bool name="bBindPosOffsetInWorldSpace" value="false" refParamName="" useRefParam="false"/>
				<Vector3 name="bindPosOffset" x="0.000" y="0.000" z="0.800" refParamName="" useRefParam="false"/>
				<EulerAngle name="bindRotOffset" x="0.000" y="0.000" z="0.000" refParamName="" useRefParam="false"/>
				<Vector3 name="scaling" x="1.000" y="1.000" z="1.000" refParamName="" useRefParam="false"/>
				<bool name="bUseRealScaling" value="false" refParamName="" useRefParam="false"/>
				<bool name="bEnableOptCull" value="true" refParamName="" useRefParam="false"/>
				<bool name="bHeroEffect" value="false" refParamName="" useRefParam="false"/>
				<TemplateObject name="lookTargetId" objectName="None" id="-1" isTemp="false" refParamName="" useRefParam="false"/>
				<bool name="bAlwaysLookTarget" value="false" refParamName="" useRefParam="false"/>
				<bool name="bLookTarget" value="false" refParamName="" useRefParam="false"/>
				<bool name="bBulletPos" value="false" refParamName="" useRefParam="false"/>
				<bool name="bBulletDir" value="false" refParamName="" useRefParam="false"/>
				<bool name="applyActionSpeedToAnimation" value="false" refParamName="" useRefParam="false"/>
				<bool name="bBullerPosDir" value="false" refParamName="" useRefParam="false"/>
				<bool name="bHideWhenDead" value="true" refParamName="" useRefParam="false"/>
				<bool name="b1stTickParentRot" value="false" refParamName="" useRefParam="false"/>
				<bool name="bRotateFollowCamera" value="false" refParamName="" useRefParam="false"/>
				<bool name="bUse3DUICamera" value="false" refParamName="" useRefParam="false"/>
				<bool name="bUseTargetSkinEffect" value="false" refParamName="" useRefParam="false"/>
				<bool name="bReplayWhenChangeMesh" value="false" refParamName="" useRefParam="false"/>
				<bool name="bTrailProtect" value="false" refParamName="" useRefParam="false"/>
				<bool name="bKeepChildScale" value="false" refParamName="" useRefParam="false"/>
				<bool name="applyActionSpeedToParticle" value="true" refParamName="" useRefParam="false"/>
				<int name="extend" value="10" refParamName="" useRefParam="false"/>
				<int name="particleScaleGrow" value="0" refParamName="" useRefParam="false"/>
				<bool name="bOnlyFollowPos" value="false" refParamName="" useRefParam="false"/>
				<int name="iDelayDisappearTime" value="0" refParamName="" useRefParam="false"/>
				<bool name="enableMaxFollowTime" value="false" refParamName="" useRefParam="false"/>
				<float name="maxFollowTime" value="0.000" refParamName="" useRefParam="false"/>
				<bool name="bindOnHUD" value="false" refParamName="" useRefParam="false"/>
				<Enum name="showInStatus" value="0" refParamName="" useRefParam="false">
					<uint name="任意状态"/>
					<uint name="Idle状态"/>
					<uint name="移动状态"/>
					<uint name="死亡状态"/>
					<uint name="其他状态"/>
					<uint name="脱战状态"/>
					<uint name="战斗状态"/>
				</Enum>
				<bool name="bExcludeSpecialActor" value="true" refParamName="" useRefParam="false"/>
				<Enum name="ReplacementUsage" value="0" refParamName="" useRefParam="false">
					<uint name="无"/>
					<uint name="回城特效"/>
					<uint name="击杀特效"/>
					<uint name="泉水加速特效"/>
				</Enum>
				<Enum name="ReplacementSubUsage" value="0" refParamName="" useRefParam="false">
					<uint name="无"/>
					<uint name="回城落地特效"/>
				</Enum>
				<bool name="bNoDynamicLod" value="false" refParamName="" useRefParam="false"/>
				<bool name="bMeshResouce" value="false" refParamName="" useRefParam="false"/>
				<bool name="bAllowEmptyEffect" value="false" refParamName="" useRefParam="false"/>
				<bool name="bSpecialBuffEffect" value="false" refParamName="" useRefParam="false"/>
			</Event>
		</Track>
		<Track trackName="FX子弹飞行" eventType="MoveBulletDuration" guid="21923a61-bcdd-46d1-83d1-2d024ead3105" enabled="true" refParamName="" useRefParam="false" r="0.000" g="1.000" b="0.600" execOnForceStopped="false" execOnActionCompleted="false" stopAfterLastEvent="true">
			<Event eventName="MoveBulletDuration" time="0.200" length="0.600" isDuration="true">
				<TemplateObject name="targetId" objectName="bullet1" id="3" isTemp="false" refParamName="" useRefParam="false"/>
				<TemplateObject name="destId" objectName="None" id="-1" isTemp="false" refParamName="" useRefParam="false"/>
				<Vector3i name="targetPosition" x="0" y="0" z="0" refParamName="_TargetPos" useRefParam="true"/>
				<Vector3i name="offsetDir" x="0" y="0" z="0" refParamName="" useRefParam="false"/>
				<Enum name="hitPoint" value="0" refParamName="" useRefParam="false">
					<uint name="胸部"/>
					<uint name="头部"/>
				</Enum>
				<Enum name="MoveType" value="1" refParamName="" useRefParam="false">
					<uint name="指定目标"/>
					<uint name="指定位置"/>
					<uint name="指定朝向"/>
				</Enum>
				<int name="distance" value="15000" refParamName="" useRefParam="false"/>
				<bool name="bChargingEffect" value="false" refParamName="" useRefParam="false"/>
				<int name="chargingDistance" value="0" refParamName="" useRefParam="false"/>
				<bool name="bResetMoveDistance" value="false" refParamName="" useRefParam="false"/>
				<String name="OutputVelocityName" value="" refParamName="" useRefParam="false"/>
				<int name="velocity" value="15000" refParamName="" useRefParam="false"/>
				<int name="acceleration" value="22000" refParamName="" useRefParam="false"/>
				<int name="gravity" value="0" refParamName="" useRefParam="false"/>
				<int name="groundOffset" value="0" refParamName="" useRefParam="false"/>
				<bool name="bMoveRotate" value="true" refParamName="" useRefParam="false"/>
				<bool name="bAdjustSpeed" value="false" refParamName="" useRefParam="false"/>
				<int name="minSpeed" value="-1" refParamName="" useRefParam="false"/>
				<bool name="bBulletUseDir" value="false" refParamName="" useRefParam="false"/>
				<bool name="bIgnoreHeight" value="true" refParamName="" useRefParam="false"/>
				<bool name="bLockY" value="false" refParamName="" useRefParam="false"/>
				<bool name="bUseIndicatorDir" value="false" refParamName="" useRefParam="false"/>
				<bool name="bUseSpecifiedDir" value="false" refParamName="" useRefParam="false"/>
				<Vector3i name="specifiedDir" x="0" y="0" z="0" refParamName="" useRefParam="false"/>
				<bool name="bReachDestStop" value="false" refParamName="" useRefParam="false"/>
				<bool name="bStopOnNavEdge" value="false" refParamName="" useRefParam="false"/>
				<bool name="bDelayLeave" value="false" refParamName="" useRefParam="false"/>
				<int name="randomRotateRange" value="0" refParamName="" useRefParam="false"/>
				<bool name="bKeepRelateDistance" value="false" refParamName="" useRefParam="false"/>
				<bool name="bOptimizeLanding" value="false" refParamName="" useRefParam="false"/>
				<bool name="bDontFallInWall" value="false" refParamName="" useRefParam="false"/>
			</Event>
		</Track>
		<Track trackName="SpawnObjectDuration4" eventType="SpawnObjectDuration" guid="d20c450a-522d-4ef5-acc5-764ac4ed4fff" enabled="true" refParamName="" useRefParam="false" r="0.367" g="0.000" b="1.000" execOnForceStopped="false" execOnActionCompleted="false" stopAfterLastEvent="true">
			<Event eventName="SpawnObjectDuration" time="0.000" length="1.000" isDuration="true">
				<TemplateObject name="targetId" objectName="bullet" id="2" isTemp="true" refParamName="" useRefParam="false"/>
				<TemplateObject name="parentId" objectName="None" id="-1" isTemp="false" refParamName="" useRefParam="false"/>
				<TemplateObject name="objectSpaceId" objectName="self" id="0" isTemp="false" refParamName="" useRefParam="false"/>
				<bool name="bTargetPosition" value="false" refParamName="" useRefParam="false"/>
				<Vector3i name="targetPosition" x="0" y="0" z="0" refParamName="" useRefParam="false"/>
				<String name="prefabName" value="prefab_characters/commonempty" refParamName="" useRefParam="false"/>
				<bool name="bMoveCollision" value="false" refParamName="" useRefParam="false"/>
				<bool name="recreateExisting" value="true" refParamName="" useRefParam="false"/>
				<bool name="superTranslation" value="false" refParamName="" useRefParam="false"/>
				<bool name="modifyTranslation" value="true" refParamName="" useRefParam="false"/>
				<Vector3i name="translation" x="2000" y="1000" z="-1500" refParamName="" useRefParam="false"/>
				<bool name="bHeroEffect" value="false" refParamName="" useRefParam="false"/>
				<bool name="bUseIndicatorDir" value="false" refParamName="" useRefParam="false"/>
				<bool name="modifyDirection" value="true" refParamName="" useRefParam="false"/>
				<Enum name="modifyDirUsage" value="0" refParamName="" useRefParam="false">
					<uint name="当[参考对象]有值时不使用"/>
					<uint name="作为本物体朝向"/>
					<uint name="本物体朝向它"/>
					<uint name="作为旋转"/>
					<uint name=""/>
					<uint name=""/>
					<uint name=""/>
				</Enum>
				<Vector3i name="direction" x="0" y="0" z="0" refParamName="" useRefParam="false"/>
				<bool name="bRotation" value="false" refParamName="" useRefParam="false"/>
				<int name="yRotation" value="0" refParamName="" useRefParam="false"/>
				<bool name="bUseRecordPos" value="false" refParamName="" useRefParam="false"/>
				<bool name="bUseRecordDir" value="false" refParamName="" useRefParam="false"/>
				<bool name="bChangeMaterialWithParent" value="false" refParamName="" useRefParam="false"/>
				<TemplateObject name="materialParentActorId" objectName="None" id="-1" isTemp="false" refParamName="" useRefParam="false"/>
				<bool name="modifyScaling" value="false" refParamName="" useRefParam="false"/>
				<Vector3 name="scaling" x="1.000" y="1.000" z="1.000" refParamName="" useRefParam="false"/>
				<bool name="enableLayer" value="false" refParamName="" useRefParam="false"/>
				<int name="layer" value="0" refParamName="" useRefParam="false"/>
				<bool name="enableTag" value="false" refParamName="" useRefParam="false"/>
				<String name="tag" value="" refParamName="" useRefParam="false"/>
				<bool name="applyActionSpeedToAnimation" value="true" refParamName="" useRefParam="false"/>
				<bool name="applyActionSpeedToParticle" value="true" refParamName="" useRefParam="false"/>
				<bool name="bUseSkinAdvance" value="false" refParamName="" useRefParam="false"/>
				<bool name="bSameVisibleAsAttacker" value="false" refParamName="" useRefParam="false"/>
				<bool name="bVisibleByFow" value="true" refParamName="" useRefParam="false"/>
				<int name="sightRadius" value="0" refParamName="" useRefParam="false"/>
				<TemplateObject name="visionActorId" objectName="None" id="-1" isTemp="false" refParamName="" useRefParam="false"/>
				<bool name="bRefreshVision" value="false" refParamName="" useRefParam="false"/>
				<bool name="bInvisibleBullet" value="false" refParamName="" useRefParam="false"/>
				<bool name="bForbidBulletInObstacle" value="false" refParamName="" useRefParam="false"/>
				<bool name="bForbidTargetOutOfNavmeshConvexHull" value="false" refParamName="" useRefParam="false"/>
				<bool name="bLayOnNavMesh" value="false" refParamName="" useRefParam="false"/>
				<bool name="bRealTimeSight" value="false" refParamName="" useRefParam="false"/>
				<bool name="bOpenSight" value="false" refParamName="" useRefParam="false"/>
				<bool name="bEnableAnimation" value="false" refParamName="" useRefParam="false"/>
				<bool name="bBlockObj" value="false" refParamName="" useRefParam="false"/>
				<bool name="bUseSkin" value="false" refParamName="" useRefParam="false"/>
				<bool name="bRecordObjPosition" value="false" refParamName="" useRefParam="false"/>
				<TemplateObject name="recordTargeID" objectName="None" id="-1" isTemp="false" refParamName="" useRefParam="false"/>
			</Event>
		</Track>
		<Track trackName="SetCollisionTick0" eventType="SetCollisionTick" guid="0a099bb7-38f8-4a5b-b930-a5f89a575bcd" enabled="true" refParamName="" useRefParam="false" r="1.000" g="0.000" b="0.333" execOnForceStopped="false" execOnActionCompleted="false" stopAfterLastEvent="true">
			<Event eventName="SetCollisionTick" time="0.000" isDuration="false">
				<TemplateObject name="targetId" objectName="bullet" id="2" isTemp="false" refParamName="" useRefParam="false"/>
				<Enum name="type" value="0" refParamName="" useRefParam="false">
					<uint name="BOX"/>
					<uint name="SPHERE"/>
				</Enum>
				<bool name="bIsBlockMonsterType" value="false" refParamName="" useRefParam="false"/>
				<bool name="bIsBlockSoliderLine" value="false" refParamName="" useRefParam="false"/>
				<bool name="bIsBlockJungleMonster" value="false" refParamName="" useRefParam="false"/>
				<bool name="bIsBlockSoliderType" value="false" refParamName="" useRefParam="false"/>
				<bool name="bIsBlockPet" value="false" refParamName="" useRefParam="false"/>
				<Enum name="blockCampType" value="0" refParamName="" useRefParam="false">
					<uint name="阻挡敌对阵营"/>
					<uint name="阻挡自己阵营"/>
					<uint name="阻挡所有阵营"/>
				</Enum>
				<bool name="bVaildBlockForSelfTeamHero" value="false" refParamName="" useRefParam="false"/>
				<bool name="bVaildBlockForEnemyTeamHero" value="false" refParamName="" useRefParam="false"/>
				<Vector3i name="Pos" x="0" y="0" z="-1000" refParamName="" useRefParam="false"/>
				<Vector3i name="Size" x="1500" y="8000" z="2000" refParamName="" useRefParam="false"/>
				<Array name="PosList" refParamName="" useRefParam="false" type="Vector3i"/>
				<int name="Radius" value="1500" refParamName="" useRefParam="false"/>
				<int name="SectorRadius" value="1000" refParamName="" useRefParam="false"/>
				<int name="Height" value="500" refParamName="" useRefParam="false"/>
				<int name="SectorExternalRadiusGrowthValue" value="0" refParamName="" useRefParam="false"/>
				<int name="SectorInnerRadius" value="0" refParamName="" useRefParam="false"/>
				<int name="SectorInnerRadiusGrowthValue" value="0" refParamName="" useRefParam="false"/>
				<int name="Degree" value="160" refParamName="" useRefParam="false"/>
				<int name="Rotation" value="160" refParamName="" useRefParam="false"/>
				<int name="RadiusGrowthValue" value="0" refParamName="" useRefParam="false"/>
				<int name="ExternalRadius" value="0" refParamName="" useRefParam="false"/>
				<int name="ExternalRadiusGrowthValue" value="0" refParamName="" useRefParam="false"/>
				<int name="InnerRadius" value="0" refParamName="" useRefParam="false"/>
				<int name="InnerRadiusGrowthValue" value="0" refParamName="" useRefParam="false"/>
			</Event>
		</Track>
		<Track trackName="子弹飞行" eventType="MoveBulletDuration" guid="e79f32de-9cd8-4e1a-a23c-8bc9298f29f2" enabled="true" refParamName="" useRefParam="false" r="0.967" g="1.000" b="0.000" execOnForceStopped="false" execOnActionCompleted="false" stopAfterLastEvent="true">
			<Event eventName="MoveBulletDuration" time="0.200" length="0.600" isDuration="true">
				<TemplateObject name="targetId" objectName="bullet" id="2" isTemp="false" refParamName="" useRefParam="false"/>
				<TemplateObject name="destId" objectName="None" id="-1" isTemp="false" refParamName="" useRefParam="false"/>
				<Vector3i name="targetPosition" x="0" y="0" z="0" refParamName="_TargetPos" useRefParam="true"/>
				<Vector3i name="offsetDir" x="0" y="0" z="0" refParamName="" useRefParam="false"/>
				<Enum name="hitPoint" value="0" refParamName="" useRefParam="false">
					<uint name="胸部"/>
					<uint name="头部"/>
				</Enum>
				<Enum name="MoveType" value="1" refParamName="" useRefParam="false">
					<uint name="指定目标"/>
					<uint name="指定位置"/>
					<uint name="指定朝向"/>
				</Enum>
				<int name="distance" value="15000" refParamName="" useRefParam="false"/>
				<bool name="bChargingEffect" value="false" refParamName="" useRefParam="false"/>
				<int name="chargingDistance" value="0" refParamName="" useRefParam="false"/>
				<bool name="bResetMoveDistance" value="false" refParamName="" useRefParam="false"/>
				<String name="OutputVelocityName" value="" refParamName="" useRefParam="false"/>
				<int name="velocity" value="15000" refParamName="" useRefParam="false"/>
				<int name="acceleration" value="22000" refParamName="" useRefParam="false"/>
				<int name="gravity" value="0" refParamName="" useRefParam="false"/>
				<int name="groundOffset" value="0" refParamName="" useRefParam="false"/>
				<bool name="bMoveRotate" value="true" refParamName="" useRefParam="false"/>
				<bool name="bAdjustSpeed" value="false" refParamName="" useRefParam="false"/>
				<int name="minSpeed" value="-1" refParamName="" useRefParam="false"/>
				<bool name="bBulletUseDir" value="false" refParamName="" useRefParam="false"/>
				<bool name="bIgnoreHeight" value="true" refParamName="" useRefParam="false"/>
				<bool name="bLockY" value="false" refParamName="" useRefParam="false"/>
				<bool name="bUseIndicatorDir" value="false" refParamName="" useRefParam="false"/>
				<bool name="bUseSpecifiedDir" value="false" refParamName="" useRefParam="false"/>
				<Vector3i name="specifiedDir" x="0" y="0" z="0" refParamName="" useRefParam="false"/>
				<bool name="bReachDestStop" value="false" refParamName="" useRefParam="false"/>
				<bool name="bStopOnNavEdge" value="false" refParamName="" useRefParam="false"/>
				<bool name="bDelayLeave" value="false" refParamName="" useRefParam="false"/>
				<int name="randomRotateRange" value="0" refParamName="" useRefParam="false"/>
				<bool name="bKeepRelateDistance" value="false" refParamName="" useRefParam="false"/>
				<bool name="bOptimizeLanding" value="false" refParamName="" useRefParam="false"/>
				<bool name="bDontFallInWall" value="false" refParamName="" useRefParam="false"/>
			</Event>
		</Track>
		<Track trackName="小兵判定" eventType="HitTriggerDuration" guid="4e93cd14-5feb-4ca5-a891-8e6eb7704cbd" enabled="true" refParamName="" useRefParam="false" r="0.267" g="0.000" b="1.000" execOnForceStopped="false" execOnActionCompleted="false" stopAfterLastEvent="true">
			<Event eventName="HitTriggerDuration" time="0.200" length="0.600" isDuration="true">
				<TemplateObject name="triggerId" objectName="bullet" id="2" isTemp="false" refParamName="" useRefParam="false"/>
				<TemplateObject name="attackerId" objectName="self" id="0" isTemp="false" refParamName="" useRefParam="false"/>
				<bool name="bInheritRefParams" value="false" refParamName="" useRefParam="false"/>
				<int name="triggerInterval" value="30" refParamName="" useRefParam="false"/>
				<int name="TriggerActorInterval" value="30" refParamName="" useRefParam="false"/>
				<bool name="bFilterEnemy" value="false" refParamName="" useRefParam="false"/>
				<bool name="bFilterFriend" value="true" refParamName="" useRefParam="false"/>
				<bool name="bFilterHero" value="true" refParamName="" useRefParam="false"/>
				<bool name="bFileterMonter" value="false" refParamName="" useRefParam="false"/>
				<bool name="bFileterOrgan" value="true" refParamName="" useRefParam="false"/>
				<bool name="bFilterEye" value="true" refParamName="" useRefParam="false"/>
				<bool name="bFilterChest" value="true" refParamName="" useRefParam="false"/>
				<bool name="bFilterMyself" value="true" refParamName="" useRefParam="false"/>
				<bool name="bFilterDead" value="true" refParamName="" useRefParam="false"/>
				<bool name="bFilterHeroPet" value="false" refParamName="" useRefParam="false"/>
				<bool name="bFilterDeadControlHero" value="true" refParamName="" useRefParam="false"/>
				<bool name="bFilterCurrentTarget" value="false" refParamName="" useRefParam="false"/>
				<bool name="bFilterMoveDirection" value="false" refParamName="" useRefParam="false"/>
				<int name="Angle" value="-1" refParamName="" useRefParam="false"/>
				<bool name="bOnlyOneKillActor" value="false" refParamName="" useRefParam="false"/>
				<bool name="bOnlyBigMonster" value="false" refParamName="" useRefParam="false"/>
				<bool name="bOnlyMe" value="false" refParamName="" useRefParam="false"/>
				<bool name="bOnlyBullet" value="false" refParamName="" useRefParam="false"/>
				<TemplateObject name="bulletID" objectName="None" id="-1" isTemp="false" refParamName="" useRefParam="false"/>
				<bool name="bFilterCantAttack" value="false" refParamName="" useRefParam="false"/>
				<bool name="bFilterSpecialType1" value="true" refParamName="" useRefParam="false"/>
				<bool name="bFilterSpecialType2" value="true" refParamName="" useRefParam="false"/>
				<bool name="bOnlyBeControledActor" value="false" refParamName="" useRefParam="false"/>
				<bool name="bOnlyPet" value="false" refParamName="" useRefParam="false"/>
				<bool name="bOnlyAttackerPet" value="false" refParamName="" useRefParam="false"/>
				<bool name="bOnlyDeadOrgan" value="false" refParamName="" useRefParam="false"/>
				<bool name="bFilterCanntAttackOrgan" value="true" refParamName="" useRefParam="false"/>
				<int name="TriggerActorCount" value="32" refParamName="" useRefParam="false"/>
				<Enum name="SelectMode" value="0" refParamName="" useRefParam="false">
					<uint name="随机选择"/>
					<uint name="血量选择"/>
					<uint name="按眼的规则选择"/>
				</Enum>
				<bool name="bIsUnifiedListSelect" value="false" refParamName="" useRefParam="false"/>
				<int name="CollideMaxCount" value="1" refParamName="" useRefParam="false"/>
				<int name="MaxTriggerCount" value="-1" refParamName="" useRefParam="false"/>
				<int name="MaxSelfBuffCount" value="-1" refParamName="" useRefParam="false"/>
				<int name="MaxTargetBuffCount" value="-1" refParamName="" useRefParam="false"/>
				<bool name="bTotalHitCount" value="false" refParamName="" useRefParam="false"/>
				<bool name="bEdgeCheck" value="false" refParamName="" useRefParam="false"/>
				<bool name="bExtraBuff" value="false" refParamName="" useRefParam="false"/>
				<int name="SelfSkillCombineID_1" value="0" refParamName="" useRefParam="false"/>
				<int name="SelfSkillCombineID_2" value="0" refParamName="" useRefParam="false"/>
				<int name="SelfSkillCombineID_3" value="0" refParamName="" useRefParam="false"/>
				<int name="TargetSkillCombine_1" value="142100" refParamName="" useRefParam="false"/>
				<bool name="TargetSkillLeaveRemove_1" value="false" refParamName="" useRefParam="false"/>
				<int name="TargetSkillCombine_2" value="0" refParamName="" useRefParam="false"/>
				<bool name="TargetSkillLeaveRemove_2" value="false" refParamName="" useRefParam="false"/>
				<int name="TargetSkillCombine_3" value="0" refParamName="" useRefParam="false"/>
				<bool name="TargetSkillLeaveRemove_3" value="false" refParamName="" useRefParam="false"/>
				<bool name="bTriggerBullet" value="false" refParamName="" useRefParam="false"/>
				<String name="BulletActionName" value="" refParamName="" useRefParam="false"/>
				<bool name="bAgeImmeExcute" value="false" refParamName="" useRefParam="false"/>
				<bool name="bUseTriggerObj" value="true" refParamName="" useRefParam="false"/>
				<bool name="bForceUseTriggerObj" value="false" refParamName="" useRefParam="false"/>
				<bool name="bCheckSight" value="false" refParamName="" useRefParam="false"/>
				<bool name="bTriggerMode" value="false" refParamName="" useRefParam="false"/>
				<bool name="bTriggerBounceBullet" value="false" refParamName="" useRefParam="false"/>
				<bool name="bCheckSkillLevel" value="false" refParamName="" useRefParam="false"/>
				<Enum name="refSkillSlot" value="1" refParamName="" useRefParam="false">
					<uint name="普攻"/>
					<uint name="技能1"/>
					<uint name="技能2"/>
					<uint name="技能3"/>
					<uint name="技能4"/>
					<uint name="天赋技能"/>
					<uint name="回城"/>
					<uint name="饰品栏技能"/>
					<uint name=""/>
				</Enum>
				<int name="refSkillLevel" value="0" refParamName="" useRefParam="false"/>
				<Enum name="compareOPType" value="3" refParamName="" useRefParam="false">
					<uint name="不比较"/>
					<uint name="小于"/>
					<uint name="小等于"/>
					<uint name="等于"/>
					<uint name="大于"/>
					<uint name="大等于"/>
					<uint name=""/>
				</Enum>
				<bool name="bFilterMajorMonster" value="false" refParamName="" useRefParam="false"/>
				<bool name="bFilterMinorMonster" value="false" refParamName="" useRefParam="false"/>
				<bool name="bFilterSoldier" value="false" refParamName="" useRefParam="false"/>
				<bool name="bFilterOtherMonster" value="false" refParamName="" useRefParam="false"/>
				<bool name="bAddEffectCount" value="true" refParamName="" useRefParam="false"/>
				<bool name="bOverrideParam" value="false" refParamName="" useRefParam="false"/>
				<int name="buffOverrideParam1" value="0" refParamName="" useRefParam="false"/>
				<int name="buffOverrideParam2" value="0" refParamName="" useRefParam="false"/>
				<int name="buffOverrideParam3" value="0" refParamName="" useRefParam="false"/>
				<int name="buffOverrideParam4" value="0" refParamName="" useRefParam="false"/>
				<int name="buffOverrideParam5" value="0" refParamName="" useRefParam="false"/>
			</Event>
		</Track>
		<Track trackName="英雄判定" eventType="HitTriggerDuration" guid="d9fb47bd-6dc2-4e15-99dc-8f9b715867f7" enabled="true" refParamName="" useRefParam="false" r="1.000" g="0.000" b="0.617" execOnForceStopped="false" execOnActionCompleted="false" stopAfterLastEvent="true">
			<Event eventName="HitTriggerDuration" time="0.200" length="0.600" isDuration="true">
				<TemplateObject name="triggerId" objectName="bullet" id="2" isTemp="false" refParamName="" useRefParam="false"/>
				<TemplateObject name="attackerId" objectName="self" id="0" isTemp="false" refParamName="" useRefParam="false"/>
				<bool name="bInheritRefParams" value="false" refParamName="" useRefParam="false"/>
				<int name="triggerInterval" value="30" refParamName="" useRefParam="false"/>
				<int name="TriggerActorInterval" value="30" refParamName="" useRefParam="false"/>
				<bool name="bFilterEnemy" value="false" refParamName="" useRefParam="false"/>
				<bool name="bFilterFriend" value="true" refParamName="" useRefParam="false"/>
				<bool name="bFilterHero" value="false" refParamName="" useRefParam="false"/>
				<bool name="bFileterMonter" value="true" refParamName="" useRefParam="false"/>
				<bool name="bFileterOrgan" value="true" refParamName="" useRefParam="false"/>
				<bool name="bFilterEye" value="true" refParamName="" useRefParam="false"/>
				<bool name="bFilterChest" value="true" refParamName="" useRefParam="false"/>
				<bool name="bFilterMyself" value="true" refParamName="" useRefParam="false"/>
				<bool name="bFilterDead" value="true" refParamName="" useRefParam="false"/>
				<bool name="bFilterHeroPet" value="false" refParamName="" useRefParam="false"/>
				<bool name="bFilterDeadControlHero" value="true" refParamName="" useRefParam="false"/>
				<bool name="bFilterCurrentTarget" value="false" refParamName="" useRefParam="false"/>
				<bool name="bFilterMoveDirection" value="false" refParamName="" useRefParam="false"/>
				<int name="Angle" value="-1" refParamName="" useRefParam="false"/>
				<bool name="bOnlyOneKillActor" value="false" refParamName="" useRefParam="false"/>
				<bool name="bOnlyBigMonster" value="false" refParamName="" useRefParam="false"/>
				<bool name="bOnlyMe" value="false" refParamName="" useRefParam="false"/>
				<bool name="bOnlyBullet" value="false" refParamName="" useRefParam="false"/>
				<TemplateObject name="bulletID" objectName="None" id="-1" isTemp="false" refParamName="" useRefParam="false"/>
				<bool name="bFilterCantAttack" value="false" refParamName="" useRefParam="false"/>
				<bool name="bFilterSpecialType1" value="true" refParamName="" useRefParam="false"/>
				<bool name="bFilterSpecialType2" value="true" refParamName="" useRefParam="false"/>
				<bool name="bOnlyBeControledActor" value="false" refParamName="" useRefParam="false"/>
				<bool name="bOnlyPet" value="false" refParamName="" useRefParam="false"/>
				<bool name="bOnlyAttackerPet" value="false" refParamName="" useRefParam="false"/>
				<bool name="bOnlyDeadOrgan" value="false" refParamName="" useRefParam="false"/>
				<bool name="bFilterCanntAttackOrgan" value="true" refParamName="" useRefParam="false"/>
				<int name="TriggerActorCount" value="32" refParamName="" useRefParam="false"/>
				<Enum name="SelectMode" value="0" refParamName="" useRefParam="false">
					<uint name="随机选择"/>
					<uint name="血量选择"/>
					<uint name="按眼的规则选择"/>
				</Enum>
				<bool name="bIsUnifiedListSelect" value="false" refParamName="" useRefParam="false"/>
				<int name="CollideMaxCount" value="1" refParamName="" useRefParam="false"/>
				<int name="MaxTriggerCount" value="-1" refParamName="" useRefParam="false"/>
				<int name="MaxSelfBuffCount" value="1" refParamName="" useRefParam="false"/>
				<int name="MaxTargetBuffCount" value="-1" refParamName="" useRefParam="false"/>
				<bool name="bTotalHitCount" value="false" refParamName="" useRefParam="false"/>
				<bool name="bEdgeCheck" value="false" refParamName="" useRefParam="false"/>
				<bool name="bExtraBuff" value="false" refParamName="" useRefParam="false"/>
				<int name="SelfSkillCombineID_1" value="142110" refParamName="" useRefParam="false"/>
				<int name="SelfSkillCombineID_2" value="142120" refParamName="" useRefParam="false"/>
				<int name="SelfSkillCombineID_3" value="0" refParamName="" useRefParam="false"/>
				<int name="TargetSkillCombine_1" value="142100" refParamName="" useRefParam="false"/>
				<bool name="TargetSkillLeaveRemove_1" value="false" refParamName="" useRefParam="false"/>
				<int name="TargetSkillCombine_2" value="0" refParamName="" useRefParam="false"/>
				<bool name="TargetSkillLeaveRemove_2" value="false" refParamName="" useRefParam="false"/>
				<int name="TargetSkillCombine_3" value="0" refParamName="" useRefParam="false"/>
				<bool name="TargetSkillLeaveRemove_3" value="false" refParamName="" useRefParam="false"/>
				<bool name="bTriggerBullet" value="false" refParamName="" useRefParam="false"/>
				<String name="BulletActionName" value="" refParamName="" useRefParam="false"/>
				<bool name="bAgeImmeExcute" value="false" refParamName="" useRefParam="false"/>
				<bool name="bUseTriggerObj" value="true" refParamName="" useRefParam="false"/>
				<bool name="bForceUseTriggerObj" value="false" refParamName="" useRefParam="false"/>
				<bool name="bCheckSight" value="false" refParamName="" useRefParam="false"/>
				<bool name="bTriggerMode" value="false" refParamName="" useRefParam="false"/>
				<bool name="bTriggerBounceBullet" value="false" refParamName="" useRefParam="false"/>
				<bool name="bCheckSkillLevel" value="false" refParamName="" useRefParam="false"/>
				<Enum name="refSkillSlot" value="1" refParamName="" useRefParam="false">
					<uint name="普攻"/>
					<uint name="技能1"/>
					<uint name="技能2"/>
					<uint name="技能3"/>
					<uint name="技能4"/>
					<uint name="天赋技能"/>
					<uint name="回城"/>
					<uint name="饰品栏技能"/>
					<uint name=""/>
				</Enum>
				<int name="refSkillLevel" value="0" refParamName="" useRefParam="false"/>
				<Enum name="compareOPType" value="3" refParamName="" useRefParam="false">
					<uint name="不比较"/>
					<uint name="小于"/>
					<uint name="小等于"/>
					<uint name="等于"/>
					<uint name="大于"/>
					<uint name="大等于"/>
					<uint name=""/>
				</Enum>
				<bool name="bFilterMajorMonster" value="false" refParamName="" useRefParam="false"/>
				<bool name="bFilterMinorMonster" value="false" refParamName="" useRefParam="false"/>
				<bool name="bFilterSoldier" value="false" refParamName="" useRefParam="false"/>
				<bool name="bFilterOtherMonster" value="false" refParamName="" useRefParam="false"/>
				<bool name="bAddEffectCount" value="true" refParamName="" useRefParam="false"/>
				<bool name="bOverrideParam" value="false" refParamName="" useRefParam="false"/>
				<int name="buffOverrideParam1" value="0" refParamName="" useRefParam="false"/>
				<int name="buffOverrideParam2" value="0" refParamName="" useRefParam="false"/>
				<int name="buffOverrideParam3" value="0" refParamName="" useRefParam="false"/>
				<int name="buffOverrideParam4" value="0" refParamName="" useRefParam="false"/>
				<int name="buffOverrideParam5" value="0" refParamName="" useRefParam="false"/>
			</Event>
		</Track>
		<Track trackName="停掉-&gt;子弹" eventType="StopTrack" guid="8e4aca5d-6b63-4124-a31e-84e9f5906a4a" enabled="false" refParamName="" useRefParam="false" r="0.183" g="1.000" b="0.000" execOnForceStopped="false" execOnActionCompleted="false" stopAfterLastEvent="true">
			<Condition id="7" guid="d9fb47bd-6dc2-4e15-99dc-8f9b715867f7" status="true"/>
			<Event eventName="StopTrack" time="0.000" isDuration="false">
				<TrackObject name="trackId" id="-1" guid="00000000-0000-0000-0000-000000000000" refParamName="" useRefParam="false"/>
				<bool name="alsoStopNotStartedTrack" value="false" refParamName="" useRefParam="false"/>
			</Event>
		</Track>
		<Track trackName="停掉-&gt;子弹特效" eventType="StopTrack" guid="06ea5455-dcde-4962-a878-15813d801f18" enabled="false" refParamName="" useRefParam="false" r="0.000" g="1.000" b="0.700" execOnForceStopped="false" execOnActionCompleted="false" stopAfterLastEvent="true">
			<Condition id="7" guid="d9fb47bd-6dc2-4e15-99dc-8f9b715867f7" status="true"/>
			<Event eventName="StopTrack" time="0.000" isDuration="false">
				<TrackObject name="trackId" id="1" guid="3b30fbce-a1de-4394-9487-656d95d255bd" refParamName="" useRefParam="false"/>
				<bool name="alsoStopNotStartedTrack" value="false" refParamName="" useRefParam="false"/>
			</Event>
		</Track>
		<Track trackName="停掉-&gt;子弹飞行" eventType="StopTrack" guid="46eebd5a-4706-4c6f-a7ac-9c73ef5aa43a" enabled="false" refParamName="" useRefParam="false" r="0.783" g="0.000" b="1.000" execOnForceStopped="false" execOnActionCompleted="false" stopAfterLastEvent="true">
			<Condition id="7" guid="d9fb47bd-6dc2-4e15-99dc-8f9b715867f7" status="true"/>
			<Event eventName="StopTrack" time="0.000" isDuration="false">
				<TrackObject name="trackId" id="5" guid="e79f32de-9cd8-4e1a-a23c-8bc9298f29f2" refParamName="" useRefParam="false"/>
				<bool name="alsoStopNotStartedTrack" value="false" refParamName="" useRefParam="false"/>
			</Event>
		</Track>
		<Track trackName="停掉-&gt;英雄判定" eventType="StopTrack" guid="a716afb6-811d-4aa2-a4bb-e375bcb4e604" enabled="false" refParamName="" useRefParam="false" r="0.167" g="1.000" b="0.000" execOnForceStopped="false" execOnActionCompleted="false" stopAfterLastEvent="true">
			<Condition id="7" guid="d9fb47bd-6dc2-4e15-99dc-8f9b715867f7" status="true"/>
			<Event eventName="StopTrack" time="0.000" isDuration="false">
				<TrackObject name="trackId" id="7" guid="d9fb47bd-6dc2-4e15-99dc-8f9b715867f7" refParamName="" useRefParam="false"/>
				<bool name="alsoStopNotStartedTrack" value="false" refParamName="" useRefParam="false"/>
			</Event>
		</Track>
		<Track trackName="停掉-&gt;小兵判定" eventType="StopTrack" guid="ccd56cf6-69a4-4320-a3e8-6c0d54de25dd" enabled="false" refParamName="" useRefParam="false" r="1.000" g="0.050" b="0.000" execOnForceStopped="false" execOnActionCompleted="false" stopAfterLastEvent="true">
			<Condition id="7" guid="d9fb47bd-6dc2-4e15-99dc-8f9b715867f7" status="true"/>
			<Event eventName="StopTrack" time="0.000" isDuration="false">
				<TrackObject name="trackId" id="6" guid="4e93cd14-5feb-4ca5-a891-8e6eb7704cbd" refParamName="" useRefParam="false"/>
				<bool name="alsoStopNotStartedTrack" value="false" refParamName="" useRefParam="false"/>
			</Event>
		</Track>
		<Track trackName="停掉-&gt;消散特效" eventType="StopTrack" guid="b01e502f-8139-4694-af21-a41568b6a118" enabled="false" refParamName="" useRefParam="false" r="0.417" g="1.000" b="0.000" execOnForceStopped="false" execOnActionCompleted="false" stopAfterLastEvent="true">
			<Condition id="7" guid="d9fb47bd-6dc2-4e15-99dc-8f9b715867f7" status="true"/>
			<Event eventName="StopTrack" time="0.000" isDuration="false">
				<TrackObject name="trackId" id="16" guid="6f21c343-e10e-4b7c-8973-8a0a94cf054b" refParamName="" useRefParam="false"/>
				<bool name="alsoStopNotStartedTrack" value="false" refParamName="" useRefParam="false"/>
			</Event>
		</Track>
		<Track trackName="停掉-&gt;FX子弹飞行" eventType="StopTrack" guid="e31db321-5364-49fe-98e6-8700d4564165" enabled="false" refParamName="" useRefParam="false" r="0.183" g="1.000" b="0.000" execOnForceStopped="false" execOnActionCompleted="false" stopAfterLastEvent="true">
			<Condition id="7" guid="d9fb47bd-6dc2-4e15-99dc-8f9b715867f7" status="true"/>
			<Event eventName="StopTrack" time="0.000" isDuration="false">
				<TrackObject name="trackId" id="2" guid="21923a61-bcdd-46d1-83d1-2d024ead3105" refParamName="" useRefParam="false"/>
				<bool name="alsoStopNotStartedTrack" value="false" refParamName="" useRefParam="false"/>
			</Event>
		</Track>
		<Track trackName="停掉-&gt;FX子弹特效" eventType="StopTrack" guid="ee18022e-7ec8-4017-bb77-9cc52de602dc" enabled="false" refParamName="" useRefParam="false" r="0.000" g="1.000" b="0.633" execOnForceStopped="false" execOnActionCompleted="false" stopAfterLastEvent="true">
			<Condition id="7" guid="d9fb47bd-6dc2-4e15-99dc-8f9b715867f7" status="true"/>
			<Event eventName="StopTrack" time="0.000" isDuration="false">
				<TrackObject name="trackId" id="1" guid="3b30fbce-a1de-4394-9487-656d95d255bd" refParamName="" useRefParam="false"/>
				<bool name="alsoStopNotStartedTrack" value="false" refParamName="" useRefParam="false"/>
			</Event>
		</Track>
		<Track trackName="消散特效" eventType="TriggerParticleTick" guid="6f21c343-e10e-4b7c-8973-8a0a94cf054b" enabled="true" refParamName="" useRefParam="false" r="0.983" g="1.000" b="0.000" execOnForceStopped="false" execOnActionCompleted="false" stopAfterLastEvent="true">
			<Event eventName="TriggerParticleTick" time="0.800" isDuration="false">
				<TemplateObject name="targetId" objectName="None" id="-1" isTemp="false" refParamName="" useRefParam="false"/>
				<TemplateObject name="objectSpaceId" objectName="bullet" id="2" isTemp="false" refParamName="" useRefParam="false"/>
				<bool name="bDonotAttackToMesh" value="false" refParamName="" useRefParam="false"/>
				<String name="parentResourceName" value="" refParamName="" useRefParam="false"/>
				<String name="resourceName" value="prefab_skill_effects/hero_skill_effects/142_caiwenji/14208/meilin_fly_hurt" refParamName="" useRefParam="false"/>
				<String name="resourceName2" value="" refParamName="" useRefParam="false"/>
				<String name="resourceName3" value="" refParamName="" useRefParam="false"/>
				<float name="lifeTime" value="1.000" refParamName="" useRefParam="false"/>
				<bool name="dontShowIfNoBindPoint" value="false" refParamName="" useRefParam="false"/>
				<String name="bindPointName" value="" refParamName="" useRefParam="false"/>
				<Vector3 name="bindPosOffset" x="0.000" y="0.000" z="0.000" refParamName="" useRefParam="false"/>
				<EulerAngle name="bindRotOffset" x="0.000" y="0.000" z="0.000" refParamName="" useRefParam="false"/>
				<Vector3 name="scaling" x="1.000" y="1.000" z="1.000" refParamName="" useRefParam="false"/>
				<bool name="bUseRealScaling" value="false" refParamName="" useRefParam="false"/>
				<bool name="bEnableOptCull" value="true" refParamName="" useRefParam="false"/>
				<bool name="bUseHeroLocalForward" value="false" refParamName="" useRefParam="false"/>
				<TemplateObject name="lookTargetId" objectName="None" id="-1" isTemp="false" refParamName="" useRefParam="false"/>
				<bool name="bBulletPos" value="false" refParamName="" useRefParam="false"/>
				<bool name="bBulletDir" value="false" refParamName="" useRefParam="false"/>
				<bool name="applyActionSpeedToAnimation" value="false" refParamName="" useRefParam="false"/>
				<bool name="bOnlyFollowPos" value="false" refParamName="" useRefParam="false"/>
				<bool name="bRotateFollowCamera" value="false" refParamName="" useRefParam="false"/>
				<bool name="b1stTickParentRot" value="false" refParamName="" useRefParam="false"/>
				<bool name="bRandomRotation" value="false" refParamName="" useRefParam="false"/>
				<EulerAngle name="randRotBegin" x="0.000" y="0.000" z="0.000" refParamName="" useRefParam="false"/>
				<EulerAngle name="randRotEnd" x="0.000" y="0.000" z="0.000" refParamName="" useRefParam="false"/>
				<bool name="bUseTargetSkinEffect" value="false" refParamName="" useRefParam="false"/>
				<bool name="bBullerPosDir" value="false" refParamName="" useRefParam="false"/>
				<int name="particleScaleGrow" value="0" refParamName="" useRefParam="false"/>
				<bool name="applyActionSpeedToParticle" value="true" refParamName="" useRefParam="false"/>
				<int name="extend" value="10" refParamName="" useRefParam="false"/>
				<Enum name="ReplacementUsage" value="0" refParamName="" useRefParam="false">
					<uint name="无"/>
					<uint name="回城特效"/>
					<uint name="击杀特效"/>
					<uint name="泉水加速特效"/>
				</Enum>
				<Enum name="ReplacementSubUsage" value="0" refParamName="" useRefParam="false">
					<uint name="无"/>
					<uint name="回城落地特效"/>
				</Enum>
				<bool name="bNoDynamicLod" value="false" refParamName="" useRefParam="false"/>
				<bool name="bMeshResouce" value="false" refParamName="" useRefParam="false"/>
				<bool name="bAllowEmptyEffect" value="false" refParamName="" useRefParam="false"/>
			</Event>
		</Track>
	</Action>
</Project>

