<?xml version="1.0" encoding="utf-8"?>
<Project>
	<TemplateObjectList>
		<TemplateObject objectName="self" id="0" isTemp="false"/>
		<TemplateObject objectName="target" id="1" isTemp="false"/>
	</TemplateObjectList>
	<RefParamList>
		<Vector3i name="_TargetDir" x="0" y="0" z="0" refParamName="" useRefParam="false"/>
		<Vector3i name="_TargetPos" x="0" y="0" z="0" refParamName="" useRefParam="false"/>
	</RefParamList>
	<Action tag="" length="3.000" loop="false">
		<Track trackName="TriggerParticle0" eventType="TriggerParticle" guid="3729626f-22c0-4792-b407-abcb7811d344" enabled="true" refParamName="" useRefParam="false" r="1.000" g="0.783" b="0.000" execOnForceStopped="false" execOnActionCompleted="false" stopAfterLastEvent="true">
			<Event eventName="TriggerParticle" time="0.000" length="3.000" isDuration="true">
				<TemplateObject name="targetId" objectName="self" id="0" isTemp="false" refParamName="" useRefParam="false"/>
				<TemplateObject name="objectSpaceId" objectName="None" id="-1" isTemp="false" refParamName="" useRefParam="false"/>
				<uint name="RefLiteBulletID" value="0" refParamName="" useRefParam="false"/>
				<String name="parentResourceName" value="" refParamName="" useRefParam="false"/>
				<String name="resourceName" value="prefab_skill_effects/hero_skill_effects/533_houyi/53304/HouYi_spell02" refParamName="" useRefParam="false"/>
				<String name="resourceName2" value="" refParamName="" useRefParam="false"/>
				<String name="resourceName3" value="" refParamName="" useRefParam="false"/>
				<String name="bindPointName" value="" refParamName="" useRefParam="false"/>
				<bool name="dontShowIfNoBindPoint" value="false" refParamName="" useRefParam="false"/>
				<Vector3 name="bindPosOffset" x="0.000" y="1.000" z="0.000" refParamName="" useRefParam="false"/>
				<bool name="bIsBindPosYRelateBeHitHeight" value="false" refParamName="" useRefParam="false"/>
				<bool name="bBindPosOffsetInWorldSpace" value="false" refParamName="" useRefParam="false"/>
				<EulerAngle name="bindRotOffset" x="0.000" y="0.000" z="0.000" refParamName="" useRefParam="false"/>
				<Vector3 name="scaling" x="1.000" y="1.000" z="1.000" refParamName="" useRefParam="false"/>
				<bool name="useScalingInt" value="false" refParamName="" useRefParam="false"/>
				<Vector3i name="scalingInt" x="10000" y="10000" z="10000" refParamName="" useRefParam="false"/>
				<bool name="bUseRealScaling" value="false" refParamName="" useRefParam="false"/>
				<bool name="bOnlyScaleRoot" value="false" refParamName="" useRefParam="false"/>
				<bool name="bEnableOptCull" value="true" refParamName="" useRefParam="false"/>
				<bool name="bHeroEffect" value="false" refParamName="" useRefParam="false"/>
				<bool name="bBullerPosDir" value="false" refParamName="" useRefParam="false"/>
				<TemplateObject name="lookTargetId" objectName="None" id="-1" isTemp="false" refParamName="" useRefParam="false"/>
				<bool name="bAlwaysLookTarget" value="false" refParamName="" useRefParam="false"/>
				<bool name="bLookTarget" value="false" refParamName="" useRefParam="false"/>
				<bool name="applyActionSpeedToParticle" value="true" refParamName="" useRefParam="false"/>
				<bool name="applyActionSpeedToAnimation" value="false" refParamName="" useRefParam="false"/>
				<int name="extend" value="10" refParamName="" useRefParam="false"/>
				<bool name="bOnlyFollowPos" value="false" refParamName="" useRefParam="false"/>
				<bool name="b1stTickParentRot" value="false" refParamName="" useRefParam="false"/>
				<bool name="bHideWhenDead" value="true" refParamName="" useRefParam="false"/>
				<bool name="bIgnoreWhenHideModel" value="false" refParamName="" useRefParam="false"/>
				<bool name="bRotateFollowCamera" value="false" refParamName="" useRefParam="false"/>
				<bool name="bUse3DUICamera" value="false" refParamName="" useRefParam="false"/>
				<bool name="bUseTargetSkinEffect" value="false" refParamName="" useRefParam="false"/>
				<bool name="bReplayWhenChangeMesh" value="false" refParamName="" useRefParam="false"/>
				<bool name="bTrailProtect" value="false" refParamName="" useRefParam="false"/>
				<bool name="bKeepChildScale" value="false" refParamName="" useRefParam="false"/>
				<int name="iDelayDisappearTime" value="0" refParamName="" useRefParam="false"/>
				<bool name="bBulletPos" value="false" refParamName="" useRefParam="false"/>
				<bool name="bBulletDir" value="false" refParamName="" useRefParam="false"/>
				<int name="particleScaleGrow" value="0" refParamName="" useRefParam="false"/>
				<bool name="enableMaxFollowTime" value="false" refParamName="" useRefParam="false"/>
				<float name="maxFollowTime" value="0.000" refParamName="" useRefParam="false"/>
				<bool name="bindOnHUD" value="false" refParamName="" useRefParam="false"/>
				<Enum name="showInStatus" value="0" refParamName="" useRefParam="false">
					<uint name="任意状态"/>
					<uint name="Idle状态"/>
					<uint name="移动状态"/>
					<uint name="死亡状态"/>
					<uint name="其他状态"/>
					<uint name="脱战状态"/>
					<uint name="战斗状态"/>
					<uint name="非隐藏在草丛"/>
					<uint name="隐藏在草丛"/>
				</Enum>
				<bool name="bExcludeSpecialActor" value="true" refParamName="" useRefParam="false"/>
				<Enum name="ReplacementUsage" value="0" refParamName="" useRefParam="false">
					<uint name="无"/>
					<uint name="回城特效"/>
					<uint name="击杀特效"/>
					<uint name="泉水加速特效"/>
				</Enum>
				<Enum name="ReplacementSubUsage" value="0" refParamName="" useRefParam="false">
					<uint name="无"/>
					<uint name="回城落地特效"/>
				</Enum>
				<bool name="bNoDynamicLod" value="false" refParamName="" useRefParam="false"/>
				<bool name="bMeshResouce" value="false" refParamName="" useRefParam="false"/>
				<bool name="bAllowEmptyEffect" value="false" refParamName="" useRefParam="false"/>
				<bool name="bSpecialBuffEffect" value="false" refParamName="" useRefParam="false"/>
				<bool name="bActionCtrlObjs" value="false" refParamName="" useRefParam="false"/>
				<bool name="bLayOnNavMesh" value="false" refParamName="" useRefParam="false"/>
				<bool name="bInvisibleSelf" value="false" refParamName="" useRefParam="false"/>
				<bool name="bInvisibleEnemy" value="false" refParamName="" useRefParam="false"/>
				<bool name="bInvisibleTeamNotSelf" value="false" refParamName="" useRefParam="false"/>
				<bool name="bInvisibleEnemyForTarget" value="false" refParamName="" useRefParam="false"/>
				<String name="syncAnimationName" value="" refParamName="" useRefParam="false"/>
				<bool name="bUseRootBoneScaling" value="false" refParamName="" useRefParam="false"/>
			</Event>
		</Track>
		<Track trackName="ForbidAbilityDuration1" eventType="ForbidAbilityDuration" guid="8fb6039c-26a1-49f2-9af0-50e1bc194299" enabled="true" refParamName="" useRefParam="false" r="1.000" g="0.000" b="0.950" execOnForceStopped="false" execOnActionCompleted="false" stopAfterLastEvent="true">
			<Event eventName="ForbidAbilityDuration" time="0.000" length="3.000" isDuration="true">
				<TemplateObject name="attackerId" objectName="self" id="0" isTemp="false" refParamName="" useRefParam="false"/>
				<bool name="forbidMove" value="false" refParamName="" useRefParam="false"/>
				<bool name="forbidSkill" value="true" refParamName="" useRefParam="false"/>
				<bool name="forceForbidding" value="false" refParamName="" useRefParam="false"/>
				<bool name="forbidSkillAndHideBtn" value="false" refParamName="" useRefParam="false"/>
				<bool name="forbidFilterSkill0" value="true" refParamName="" useRefParam="false"/>
				<bool name="forbidFilterSkill1" value="true" refParamName="" useRefParam="false"/>
				<bool name="forbidFilterSkill2" value="false" refParamName="" useRefParam="false"/>
				<bool name="forbidFilterSkill3" value="true" refParamName="" useRefParam="false"/>
				<bool name="forbidFilterSkill4" value="true" refParamName="" useRefParam="false"/>
				<bool name="forbidFilterSkill5" value="true" refParamName="" useRefParam="false"/>
				<bool name="forbidFilterSkill6" value="true" refParamName="" useRefParam="false"/>
				<bool name="forbidFilterSkill7" value="true" refParamName="" useRefParam="false"/>
				<bool name="forbidFilterSkill8" value="true" refParamName="" useRefParam="false"/>
				<bool name="forbidFilterSkill9" value="true" refParamName="" useRefParam="false"/>
				<bool name="forbidFilterSkill10" value="false" refParamName="" useRefParam="false"/>
				<bool name="forbidFilterSkill11" value="false" refParamName="" useRefParam="false"/>
				<bool name="forbidFilterSummonerSkill" value="true" refParamName="" useRefParam="false"/>
				<bool name="forbidFilterMapSkill" value="true" refParamName="" useRefParam="false"/>
				<bool name="forbidFilterEquipActiveSkill" value="true" refParamName="" useRefParam="false"/>
				<bool name="forbidFilterActiveSkill" value="false" refParamName="" useRefParam="false"/>
				<bool name="forbidSkillAbort" value="true" refParamName="" useRefParam="false"/>
				<bool name="abortFilterSkill0" value="false" refParamName="" useRefParam="false"/>
				<bool name="abortFilterSkill1" value="false" refParamName="" useRefParam="false"/>
				<bool name="abortFilterSkill2" value="false" refParamName="" useRefParam="false"/>
				<bool name="abortFilterSkill3" value="false" refParamName="" useRefParam="false"/>
				<bool name="abortFilterSkill4" value="false" refParamName="" useRefParam="false"/>
				<bool name="abortFilterSkill5" value="false" refParamName="" useRefParam="false"/>
				<bool name="abortFilterSkill7" value="false" refParamName="" useRefParam="false"/>
				<bool name="abortFilterSkill8" value="false" refParamName="" useRefParam="false"/>
				<bool name="abortFilterSkill9" value="false" refParamName="" useRefParam="false"/>
				<bool name="abortFilterSkill10" value="false" refParamName="" useRefParam="false"/>
				<bool name="abortFilterSkill11" value="false" refParamName="" useRefParam="false"/>
				<bool name="abortFilterMove" value="false" refParamName="" useRefParam="false"/>
				<bool name="abortFilterDamage" value="false" refParamName="" useRefParam="false"/>
				<bool name="forbidMoveRotate" value="false" refParamName="" useRefParam="false"/>
				<bool name="delaySkillAbort" value="false" refParamName="" useRefParam="false"/>
				<Enum name="protectAbortLevel" value="0" refParamName="" useRefParam="false">
					<uint name="不保护"/>
					<uint name="保护延迟打断"/>
					<uint name="保护强制打断"/>
				</Enum>
				<bool name="ImmuneNegative" value="false" refParamName="" useRefParam="false"/>
				<bool name="ImmuneControl" value="true" refParamName="" useRefParam="false"/>
				<bool name="forbidEnergyRecover" value="false" refParamName="" useRefParam="false"/>
				<bool name="MoveIgnoreObstructArea" value="false" refParamName="" useRefParam="false"/>
				<bool name="forbidCollisionDetection" value="false" refParamName="" useRefParam="false"/>
				<bool name="ImmuneSkillSelect" value="false" refParamName="" useRefParam="false"/>
				<bool name="bReplaceHPBarImmuneSelect" value="false" refParamName="" useRefParam="false"/>
				<bool name="forbidCallBoss" value="false" refParamName="" useRefParam="false"/>
				<bool name="forbidExtraBtnSlot1" value="false" refParamName="" useRefParam="false"/>
				<bool name="bForceClearSkillIndicator" value="false" refParamName="" useRefParam="false"/>
			</Event>
		</Track>
		<Track trackName="PlayMaterialEffectDuration0" eventType="PlayMaterialEffectDuration" guid="2be70ba2-8264-47b1-bdeb-f22cd21a12e8" enabled="true" refParamName="" useRefParam="false" r="0.000" g="1.000" b="0.567" execOnForceStopped="false" execOnActionCompleted="false" stopAfterLastEvent="true">
			<Event eventName="PlayMaterialEffectDuration" time="0.000" length="3.000" isDuration="true">
				<TemplateObject name="targetId" objectName="self" id="0" isTemp="false" refParamName="" useRefParam="false"/>
				<Enum name="effectType" value="3" refParamName="" useRefParam="false">
					<uint name="冰冻"/>
					<uint name="石化"/>
					<uint name="半透明"/>
					<uint name="高亮"/>
					<uint name="自定义"/>
					<uint name="溶解"/>
					<uint name="插值Alpha"/>
				</Enum>
				<int name="priority" value="-1" refParamName="" useRefParam="false"/>
				<String name="texPath" value="" refParamName="" useRefParam="false"/>
				<Vector3 name="highLitColor" x="0.000" y="0.800" z="0.800" refParamName="" useRefParam="false"/>
				<float name="hightLitGloss" value="0.000" refParamName="" useRefParam="false"/>
				<float name="higthLitPeriod" value="1.000" refParamName="" useRefParam="false"/>
				<bool name="hightLitChangeOutlineColor" value="false" refParamName="" useRefParam="false"/>
				<String name="materialNamePattern" value="" refParamName="" useRefParam="false"/>
				<bool name="forbidRefreshMat" value="false" refParamName="" useRefParam="false"/>
				<bool name="isFadeIn" value="true" refParamName="" useRefParam="false"/>
			</Event>
		</Track>
		<Track trackName="BuffPerformanceDuration0" eventType="BuffPerformanceDuration" guid="0b4bc959-533c-4422-ad33-e4ae76fcc35f" enabled="true" refParamName="" useRefParam="false" r="0.000" g="1.000" b="0.000" execOnForceStopped="false" execOnActionCompleted="false" stopAfterLastEvent="true">
			<Event eventName="BuffPerformanceDuration" time="0.000" length="3.000" isDuration="true">
				<TemplateObject name="targetId" objectName="self" id="0" isTemp="false" refParamName="" useRefParam="false"/>
				<int name="buffIconID" value="0" refParamName="" useRefParam="false"/>
				<Enum name="replaceHudNameType" value="10" refParamName="" useRefParam="false">
					<uint name="无"/>
					<uint name="替换为不可被选中"/>
					<uint name="替换_无敌"/>
					<uint name="替换_压制"/>
					<uint name="替换_霸体"/>
					<uint name="替换_击飞"/>
					<uint name="替换_眩晕"/>
					<uint name="替换_嘲讽"/>
					<uint name="替换_定身"/>
					<uint name="替换_沉默"/>
					<uint name="替换_减速"/>
					<uint name="替换_变身"/>
				</Enum>
				<bool name="bIsHideBuffTimerBar" value="false" refParamName="" useRefParam="false"/>
			</Event>
		</Track>
		<Track trackName="RegisterEventDuration0" eventType="RegisterEventDuration" guid="b027767d-ac82-4662-b657-79f96c32afa0" enabled="true" refParamName="" useRefParam="false" r="0.000" g="1.000" b="0.283" execOnForceStopped="false" execOnActionCompleted="false" stopAfterLastEvent="true">
			<Event eventName="RegisterEventDuration" time="0.000" length="3.000" isDuration="true">
				<TemplateObject name="targetId" objectName="self" id="0" isTemp="false" refParamName="" useRefParam="false"/>
				<Enum name="EventType1" value="9" refParamName="" useRefParam="false">
					<uint name="无"/>
					<uint name="击杀英雄"/>
					<uint name="助攻"/>
					<uint name="死亡"/>
					<uint name="复活"/>
					<uint name="受到伤害"/>
					<uint name="免疫伤害"/>
					<uint name="反弹伤害"/>
					<uint name="所处地形变化"/>
					<uint name="免疫控制"/>
					<uint name="受到控制"/>
					<uint name="进入战斗"/>
					<uint name="退出战斗"/>
					<uint name="使用主动技能"/>
					<uint name="阻挡一次技能"/>
					<uint name="位移"/>
					<uint name="血量能量消耗"/>
					<uint name="昼夜切换"/>
				</Enum>
				<Enum name="EventType2" value="0" refParamName="" useRefParam="false">
					<uint name="无"/>
					<uint name="击杀英雄"/>
					<uint name="助攻"/>
					<uint name="死亡"/>
					<uint name="复活"/>
					<uint name="受到伤害"/>
					<uint name="免疫伤害"/>
					<uint name="反弹伤害"/>
					<uint name="所处地形变化"/>
					<uint name="免疫控制"/>
					<uint name="受到控制"/>
					<uint name="进入战斗"/>
					<uint name="退出战斗"/>
					<uint name="使用主动技能"/>
					<uint name="阻挡一次技能"/>
					<uint name="位移"/>
					<uint name="血量能量消耗"/>
					<uint name="昼夜切换"/>
				</Enum>
				<String name="EventName" value="" refParamName="" useRefParam="false"/>
				<String name="AgeName" value="prefab_characters/prefab_hero/533_HouYi/skill/S2B2" refParamName="" useRefParam="false"/>
				<String name="customParam0RefName" value="" refParamName="" useRefParam="false"/>
				<Enum name="ETakeDmgCustomParamType" value="0" refParamName="" useRefParam="false">
					<uint name="最终要扣的血"/>
					<uint name="面板伤害"/>
					<uint name="擦除的伤害"/>
				</Enum>
				<TemplateObject name="AgeSourceId" objectName="self" id="0" isTemp="false" refParamName="" useRefParam="false"/>
				<TemplateObject name="AgeTargetId" objectName="None" id="-1" isTemp="false" refParamName="" useRefParam="false"/>
				<int name="TriggerCount" value="1" refParamName="" useRefParam="false"/>
				<int name="TriggerInterval" value="-1" refParamName="" useRefParam="false"/>
				<TemplateObject name="sourceId" objectName="None" id="-1" isTemp="false" refParamName="" useRefParam="false"/>
				<Array name="0" refParamName="" useRefParam="false" type="String"/>
				<Array name="AreaPriority" refParamName="" useRefParam="false" type="int"/>
				<bool name="bExtraBuff" value="true" refParamName="" useRefParam="false"/>
				<bool name="bFlitExtraDamage" value="false" refParamName="" useRefParam="false"/>
				<bool name="bListenAllBuff" value="false" refParamName="" useRefParam="false"/>
				<bool name="bHitFly" value="true" refParamName="" useRefParam="false"/>
				<bool name="bSlowDown" value="false" refParamName="" useRefParam="false"/>
				<bool name="bStun" value="true" refParamName="" useRefParam="false"/>
				<bool name="bFrozen" value="true" refParamName="" useRefParam="false"/>
				<bool name="bSlient" value="true" refParamName="" useRefParam="false"/>
				<bool name="bStone" value="true" refParamName="" useRefParam="false"/>
				<bool name="bTaunt" value="true" refParamName="" useRefParam="false"/>
				<bool name="bFear" value="true" refParamName="" useRefParam="false"/>
				<bool name="bHitBack" value="true" refParamName="" useRefParam="false"/>
				<bool name="bListenAllSlot" value="true" refParamName="" useRefParam="false"/>
				<bool name="bSlot0" value="true" refParamName="" useRefParam="false"/>
				<bool name="bSlot1" value="true" refParamName="" useRefParam="false"/>
				<bool name="bSlot2" value="true" refParamName="" useRefParam="false"/>
				<bool name="bSlot3" value="true" refParamName="" useRefParam="false"/>
			</Event>
		</Track>
		<Track trackName="ChangeSkillTriggerDuration0" eventType="ChangeSkillTriggerDuration" guid="ffa166a2-53d3-4cd9-a7e4-4e7fd6d33eec" enabled="true" refParamName="" useRefParam="false" r="1.000" g="0.317" b="0.000" execOnForceStopped="false" execOnActionCompleted="false" stopAfterLastEvent="true">
			<Event eventName="ChangeSkillTriggerDuration" time="0.000" length="3.000" isDuration="true">
				<TemplateObject name="targetId" objectName="self" id="0" isTemp="false" refParamName="" useRefParam="false"/>
				<bool name="bCurrentSkill" value="false" refParamName="" useRefParam="false"/>
				<Enum name="slotType" value="2" refParamName="" useRefParam="false">
					<uint name="普攻"/>
					<uint name="技能1"/>
					<uint name="技能2"/>
					<uint name="技能3"/>
					<uint name="空"/>
					<uint name="天赋技能"/>
					<uint name="回城"/>
					<uint name="魔纹技能"/>
					<uint name="召唤Boss槽位"/>
					<uint name="装备主动技能"/>
					<uint name="特殊技能附属技能"/>
					<uint name="特殊技能"/>
				</Enum>
				<int name="changeSkillID" value="53320" refParamName="" useRefParam="false"/>
				<bool name="bNeedSetSkillLevel" value="false" refParamName="" useRefParam="false"/>
				<int name="iNewSkillLevel" value="0" refParamName="" useRefParam="false"/>
				<int name="recoverSkillID" value="53320" refParamName="" useRefParam="false"/>
				<Array name="changeSkillArray" refParamName="" useRefParam="false" type="int"/>
				<Array name="recoverSkillArray" refParamName="" useRefParam="false" type="int"/>
				<bool name="bReturnCDWhenLeave" value="false" refParamName="" useRefParam="false"/>
				<bool name="bCalcCDBackground" value="false" refParamName="" useRefParam="false"/>
				<bool name="bSendEvent" value="true" refParamName="" useRefParam="false"/>
				<bool name="bUseCombo" value="true" refParamName="" useRefParam="false"/>
				<bool name="bAbort" value="false" refParamName="" useRefParam="false"/>
				<bool name="bUseStop" value="false" refParamName="" useRefParam="false"/>
				<bool name="bOtherSkillAbort" value="false" refParamName="" useRefParam="false"/>
				<bool name="bResetCDWhenChange" value="false" refParamName="" useRefParam="false"/>
			</Event>
		</Track>
		<Track trackName="TriggerParticleTick0" eventType="TriggerParticleTick" guid="d6cfdfe4-c384-45f6-8a8a-8d76355f16f1" enabled="true" refParamName="" useRefParam="false" r="0.000" g="0.283" b="1.000" execOnForceStopped="false" execOnActionCompleted="true" stopAfterLastEvent="true">
			<Event eventName="TriggerParticleTick" time="0.000" isDuration="false">
				<TemplateObject name="targetId" objectName="self" id="0" isTemp="false" refParamName="" useRefParam="false"/>
				<TemplateObject name="objectSpaceId" objectName="None" id="-1" isTemp="false" refParamName="" useRefParam="false"/>
				<uint name="RefLiteBulletID" value="0" refParamName="" useRefParam="false"/>
				<bool name="bDonotAttackToMesh" value="false" refParamName="" useRefParam="false"/>
				<String name="parentResourceName" value="" refParamName="" useRefParam="false"/>
				<String name="resourceName" value="prefab_skill_effects/hero_skill_effects/533_houyi/53304/HouYi_spell02_C" refParamName="" useRefParam="false"/>
				<String name="resourceName2" value="" refParamName="" useRefParam="false"/>
				<String name="resourceName3" value="" refParamName="" useRefParam="false"/>
				<float name="lifeTime" value="3.000" refParamName="" useRefParam="false"/>
				<String name="bindPointName" value="" refParamName="" useRefParam="false"/>
				<bool name="dontShowIfNoBindPoint" value="false" refParamName="" useRefParam="false"/>
				<Vector3 name="bindPosOffset" x="0.000" y="1.000" z="0.000" refParamName="" useRefParam="false"/>
				<bool name="bIsBindPosYRelateBeHitHeight" value="false" refParamName="" useRefParam="false"/>
				<EulerAngle name="bindRotOffset" x="0.000" y="0.000" z="0.000" refParamName="" useRefParam="false"/>
				<Vector3 name="scaling" x="1.000" y="1.000" z="1.000" refParamName="" useRefParam="false"/>
				<bool name="useScalingInt" value="false" refParamName="" useRefParam="false"/>
				<Vector3i name="scalingInt" x="10000" y="10000" z="10000" refParamName="" useRefParam="false"/>
				<bool name="bUseRealScaling" value="false" refParamName="" useRefParam="false"/>
				<bool name="bOnlyScaleRoot" value="false" refParamName="" useRefParam="false"/>
				<bool name="bEnableOptCull" value="true" refParamName="" useRefParam="false"/>
				<bool name="bBullerPosDir" value="false" refParamName="" useRefParam="false"/>
				<bool name="bUseHeroLocalForward" value="false" refParamName="" useRefParam="false"/>
				<TemplateObject name="lookTargetId" objectName="None" id="-1" isTemp="false" refParamName="" useRefParam="false"/>
				<bool name="applyActionSpeedToParticle" value="true" refParamName="" useRefParam="false"/>
				<bool name="applyActionSpeedToAnimation" value="true" refParamName="" useRefParam="false"/>
				<int name="extend" value="10" refParamName="" useRefParam="false"/>
				<bool name="bOnlyFollowPos" value="false" refParamName="" useRefParam="false"/>
				<bool name="b1stTickParentRot" value="false" refParamName="" useRefParam="false"/>
				<bool name="bRotateFollowCamera" value="false" refParamName="" useRefParam="false"/>
				<bool name="bRandomRotation" value="false" refParamName="" useRefParam="false"/>
				<EulerAngle name="randRotBegin" x="0.000" y="0.000" z="0.000" refParamName="" useRefParam="false"/>
				<EulerAngle name="randRotEnd" x="0.000" y="0.000" z="0.000" refParamName="" useRefParam="false"/>
				<bool name="bUseTargetSkinEffect" value="false" refParamName="" useRefParam="false"/>
				<bool name="bBulletPos" value="false" refParamName="" useRefParam="false"/>
				<bool name="bBulletDir" value="false" refParamName="" useRefParam="false"/>
				<int name="particleScaleGrow" value="0" refParamName="" useRefParam="false"/>
				<Enum name="ReplacementUsage" value="0" refParamName="" useRefParam="false">
					<uint name="无"/>
					<uint name="回城特效"/>
					<uint name="击杀特效"/>
					<uint name="泉水加速特效"/>
				</Enum>
				<Enum name="ReplacementSubUsage" value="0" refParamName="" useRefParam="false">
					<uint name="无"/>
					<uint name="回城落地特效"/>
				</Enum>
				<bool name="bNoDynamicLod" value="false" refParamName="" useRefParam="false"/>
				<bool name="bMeshResouce" value="false" refParamName="" useRefParam="false"/>
				<bool name="bAllowEmptyEffect" value="true" refParamName="" useRefParam="false"/>
				<bool name="bActionCtrlObjs" value="false" refParamName="" useRefParam="false"/>
				<bool name="bInvisibleSelf" value="false" refParamName="" useRefParam="false"/>
				<bool name="bInvisibleEnemy" value="false" refParamName="" useRefParam="false"/>
				<bool name="bInvisibleTeamNotSelf" value="false" refParamName="" useRefParam="false"/>
				<bool name="bReverseXWhenCameraMirro" value="false" refParamName="" useRefParam="false"/>
			</Event>
		</Track>
		<Track trackName="SkillCDTriggerTick0" eventType="SkillCDTriggerTick" guid="f2ded11e-709d-47a2-9deb-09ec735b44e4" enabled="true" refParamName="" useRefParam="false" r="0.250" g="0.000" b="1.000" execOnForceStopped="false" execOnActionCompleted="true" stopAfterLastEvent="true">
			<Event eventName="SkillCDTriggerTick" time="0.000" isDuration="false">
				<TemplateObject name="targetId" objectName="self" id="0" isTemp="false" refParamName="" useRefParam="false"/>
				<bool name="useSlotType" value="false" refParamName="" useRefParam="false"/>
				<Enum name="slotType" value="0" refParamName="" useRefParam="false">
					<uint name="普通"/>
					<uint name="技能1"/>
					<uint name="技能2"/>
					<uint name="技能3"/>
					<uint name="技能4"/>
					<uint name="技能5"/>
					<uint name="技能6"/>
					<uint name="技能7"/>
					<uint name="技能8"/>
					<uint name="技能9"/>
				</Enum>
				<bool name="forbidTriggerRepeatedly" value="false" refParamName="" useRefParam="false"/>
				<int name="overrideCDValue" value="0" refParamName="" useRefParam="false"/>
				<int name="triggerRatio" value="0" refParamName="" useRefParam="false"/>
			</Event>
		</Track>
	</Action>
</Project>

