<?xml version="1.0" encoding="utf-8"?>
<Project>
	<TemplateObjectList>
		<TemplateObject objectName="self" id="0" isTemp="false"/>
		<TemplateObject objectName="target" id="1" isTemp="false"/>
	</TemplateObjectList>
	<RefParamList/>
	<Action tag="" length="0.100" loop="false">
		<Track trackName="PlayHeroSoundTick17" eventType="PlayHeroSoundTick" guid="4051e575-296e-4047-aa3d-49a51f537f35" enabled="true" useRefParam="false" refParamName="" r="1.000" g="0.233" b="0.000" execOnForceStopped="false" execOnActionCompleted="false" stopAfterLastEvent="true">
			<Event eventName="PlayHeroSoundTick" time="0.000" isDuration="false">
				<TemplateObject name="targetId" objectName="target" id="1" isTemp="false" refParamName="" useRefParam="false"/>
				<TemplateObject name="sourceId" objectName="self" id="0" isTemp="false" refParamName="" useRefParam="false"/>
				<String name="eventName" value="Play_520_Veres_Passive_Hit" refParamName="" useRefParam="false"/>
				<bool name="use1P3PSwitch" value="true" refParamName="" useRefParam="false"/>
				<bool name="useSkinSwitch" value="true" refParamName="" useRefParam="false"/>
				<Array name="extraSkinId" refParamName="" useRefParam="false" type="uint"/>
			</Event>
		</Track>
		<Track trackName="过滤非英雄" eventType="FilterTargetType" guid="7c2cf3eb-3cb5-4003-8a8c-5a8b7ab38cbf" enabled="true" useRefParam="false" refParamName="" r="1.000" g="0.000" b="0.167" execOnForceStopped="false" execOnActionCompleted="false" stopAfterLastEvent="true">
			<Event eventName="FilterTargetType" time="0.000" isDuration="false">
				<TemplateObject name="targetId" objectName="target" id="1" isTemp="false" refParamName="" useRefParam="false"/>
				<bool name="bFilterHero" value="false" refParamName="" useRefParam="false"/>
				<bool name="bFilterMonter" value="true" refParamName="" useRefParam="false"/>
				<bool name="bFilterBoss" value="true" refParamName="" useRefParam="false"/>
				<bool name="bFilterOrgan" value="true" refParamName="" useRefParam="false"/>
				<bool name="bFilterChest" value="true" refParamName="" useRefParam="false"/>
				<bool name="bFilterEye" value="true" refParamName="" useRefParam="false"/>
				<bool name="bFilterPet" value="false" refParamName="" useRefParam="false"/>
				<bool name="bFilterMajorMonster" value="true" refParamName="" useRefParam="false"/>
				<bool name="bFilterMinorMonster" value="true" refParamName="" useRefParam="false"/>
				<bool name="bFilterSoldier" value="true" refParamName="" useRefParam="false"/>
				<bool name="bFilterOtherMonster" value="true" refParamName="" useRefParam="false"/>
				<bool name="bFilterSameCamp" value="false" refParamName="" useRefParam="false"/>
				<bool name="bFilterDiffCamp" value="false" refParamName="" useRefParam="false"/>
				<bool name="bOnlySelf" value="false" refParamName="" useRefParam="false"/>
				<bool name="bOnlyHostHero" value="false" refParamName="" useRefParam="false"/>
				<bool name="bImmediateRevive" value="false" refParamName="" useRefParam="false"/>
				<Enum name="attackType" value="0" refParamName="" useRefParam="false">
					<uint name="所有英雄"/>
					<uint name="近战英雄"/>
					<uint name="远程英雄"/>
				</Enum>
				<bool name="bSelectJob" value="false" refParamName="" useRefParam="false"/>
				<Enum name="jobType" value="0" refParamName="" useRefParam="false">
					<uint name="N/A"/>
					<uint name="坦克"/>
					<uint name="战士"/>
					<uint name="刺客"/>
					<uint name="法师"/>
					<uint name="射手"/>
					<uint name="辅助"/>
					<uint name=""/>
				</Enum>
			</Event>
		</Track>
		<Track trackName="CheckHPConditionTick0" eventType="CheckHPConditionTick" guid="e08f4771-fd5f-461e-b5fd-465f5300c4c8" enabled="true" useRefParam="false" refParamName="" r="0.767" g="0.000" b="1.000" execOnForceStopped="false" execOnActionCompleted="false" stopAfterLastEvent="true">
			<Condition id="1" guid="7c2cf3eb-3cb5-4003-8a8c-5a8b7ab38cbf" status="true"/>
			<Event eventName="CheckHPConditionTick" time="0.000" isDuration="false">
				<TemplateObject name="srcId" objectName="self" id="0" isTemp="false" refParamName="" useRefParam="false"/>
				<bool name="bCompareWithObject" value="false" refParamName="" useRefParam="false"/>
				<TemplateObject name="destId" objectName="self" id="0" isTemp="false" refParamName="" useRefParam="false"/>
				<int name="value" value="90" refParamName="" useRefParam="false"/>
				<Enum name="checkType" value="1" refParamName="" useRefParam="false">
					<uint name="最大血量"/>
					<uint name="当前血量"/>
				</Enum>
				<Enum name="checkValueType" value="1" refParamName="" useRefParam="false">
					<uint name="绝对值"/>
					<uint name="百分比"/>
				</Enum>
				<Enum name="checkOPType" value="2" refParamName="" useRefParam="false">
					<uint name="不比较"/>
					<uint name="小于"/>
					<uint name="小等于"/>
					<uint name="等于"/>
					<uint name="大于"/>
					<uint name="大等于"/>
				</Enum>
			</Event>
		</Track>
		<Track trackName="CheckHPConditionTick1" eventType="CheckHPConditionTick" guid="e3d41dff-cade-41ac-8363-a68e85eec99e" enabled="true" useRefParam="false" refParamName="" r="0.000" g="1.000" b="0.717" execOnForceStopped="false" execOnActionCompleted="false" stopAfterLastEvent="true">
			<Condition id="1" guid="7c2cf3eb-3cb5-4003-8a8c-5a8b7ab38cbf" status="true"/>
			<Event eventName="CheckHPConditionTick" time="0.000" isDuration="false">
				<TemplateObject name="srcId" objectName="self" id="0" isTemp="false" refParamName="" useRefParam="false"/>
				<bool name="bCompareWithObject" value="false" refParamName="" useRefParam="false"/>
				<TemplateObject name="destId" objectName="self" id="0" isTemp="false" refParamName="" useRefParam="false"/>
				<int name="value" value="80" refParamName="" useRefParam="false"/>
				<Enum name="checkType" value="1" refParamName="" useRefParam="false">
					<uint name="最大血量"/>
					<uint name="当前血量"/>
				</Enum>
				<Enum name="checkValueType" value="1" refParamName="" useRefParam="false">
					<uint name="绝对值"/>
					<uint name="百分比"/>
				</Enum>
				<Enum name="checkOPType" value="2" refParamName="" useRefParam="false">
					<uint name="不比较"/>
					<uint name="小于"/>
					<uint name="小等于"/>
					<uint name="等于"/>
					<uint name="大于"/>
					<uint name="大等于"/>
				</Enum>
			</Event>
		</Track>
		<Track trackName="CheckHPConditionTick2" eventType="CheckHPConditionTick" guid="a0dc9878-ca8b-4917-a3a8-48f1bbb97aed" enabled="true" useRefParam="false" refParamName="" r="0.967" g="0.000" b="1.000" execOnForceStopped="false" execOnActionCompleted="false" stopAfterLastEvent="true">
			<Condition id="1" guid="7c2cf3eb-3cb5-4003-8a8c-5a8b7ab38cbf" status="true"/>
			<Event eventName="CheckHPConditionTick" time="0.000" isDuration="false">
				<TemplateObject name="srcId" objectName="self" id="0" isTemp="false" refParamName="" useRefParam="false"/>
				<bool name="bCompareWithObject" value="false" refParamName="" useRefParam="false"/>
				<TemplateObject name="destId" objectName="self" id="0" isTemp="false" refParamName="" useRefParam="false"/>
				<int name="value" value="70" refParamName="" useRefParam="false"/>
				<Enum name="checkType" value="1" refParamName="" useRefParam="false">
					<uint name="最大血量"/>
					<uint name="当前血量"/>
				</Enum>
				<Enum name="checkValueType" value="1" refParamName="" useRefParam="false">
					<uint name="绝对值"/>
					<uint name="百分比"/>
				</Enum>
				<Enum name="checkOPType" value="2" refParamName="" useRefParam="false">
					<uint name="不比较"/>
					<uint name="小于"/>
					<uint name="小等于"/>
					<uint name="等于"/>
					<uint name="大于"/>
					<uint name="大等于"/>
				</Enum>
			</Event>
		</Track>
		<Track trackName="CheckHPConditionTick3" eventType="CheckHPConditionTick" guid="5eaa52e4-18e4-48ac-8e6d-48b7d65e5989" enabled="true" useRefParam="false" refParamName="" r="0.150" g="0.000" b="1.000" execOnForceStopped="false" execOnActionCompleted="false" stopAfterLastEvent="true">
			<Condition id="1" guid="7c2cf3eb-3cb5-4003-8a8c-5a8b7ab38cbf" status="true"/>
			<Event eventName="CheckHPConditionTick" time="0.000" isDuration="false">
				<TemplateObject name="srcId" objectName="self" id="0" isTemp="false" refParamName="" useRefParam="false"/>
				<bool name="bCompareWithObject" value="false" refParamName="" useRefParam="false"/>
				<TemplateObject name="destId" objectName="self" id="0" isTemp="false" refParamName="" useRefParam="false"/>
				<int name="value" value="60" refParamName="" useRefParam="false"/>
				<Enum name="checkType" value="1" refParamName="" useRefParam="false">
					<uint name="最大血量"/>
					<uint name="当前血量"/>
				</Enum>
				<Enum name="checkValueType" value="1" refParamName="" useRefParam="false">
					<uint name="绝对值"/>
					<uint name="百分比"/>
				</Enum>
				<Enum name="checkOPType" value="2" refParamName="" useRefParam="false">
					<uint name="不比较"/>
					<uint name="小于"/>
					<uint name="小等于"/>
					<uint name="等于"/>
					<uint name="大于"/>
					<uint name="大等于"/>
				</Enum>
			</Event>
		</Track>
		<Track trackName="CheckHPConditionTick4" eventType="CheckHPConditionTick" guid="ba0a7921-90be-444f-8506-10a0ba385200" enabled="true" useRefParam="false" refParamName="" r="0.000" g="1.000" b="0.550" execOnForceStopped="false" execOnActionCompleted="false" stopAfterLastEvent="true">
			<Condition id="1" guid="7c2cf3eb-3cb5-4003-8a8c-5a8b7ab38cbf" status="true"/>
			<Event eventName="CheckHPConditionTick" time="0.000" isDuration="false">
				<TemplateObject name="srcId" objectName="self" id="0" isTemp="false" refParamName="" useRefParam="false"/>
				<bool name="bCompareWithObject" value="false" refParamName="" useRefParam="false"/>
				<TemplateObject name="destId" objectName="self" id="0" isTemp="false" refParamName="" useRefParam="false"/>
				<int name="value" value="50" refParamName="" useRefParam="false"/>
				<Enum name="checkType" value="1" refParamName="" useRefParam="false">
					<uint name="最大血量"/>
					<uint name="当前血量"/>
				</Enum>
				<Enum name="checkValueType" value="1" refParamName="" useRefParam="false">
					<uint name="绝对值"/>
					<uint name="百分比"/>
				</Enum>
				<Enum name="checkOPType" value="2" refParamName="" useRefParam="false">
					<uint name="不比较"/>
					<uint name="小于"/>
					<uint name="小等于"/>
					<uint name="等于"/>
					<uint name="大于"/>
					<uint name="大等于"/>
				</Enum>
			</Event>
		</Track>
		<Track trackName="CheckHPConditionTick5" eventType="CheckHPConditionTick" guid="94021926-ffff-44dd-92d4-7d1072ec33ee" enabled="true" useRefParam="false" refParamName="" r="1.000" g="0.000" b="0.683" execOnForceStopped="false" execOnActionCompleted="false" stopAfterLastEvent="true">
			<Condition id="1" guid="7c2cf3eb-3cb5-4003-8a8c-5a8b7ab38cbf" status="true"/>
			<Event eventName="CheckHPConditionTick" time="0.000" isDuration="false">
				<TemplateObject name="srcId" objectName="self" id="0" isTemp="false" refParamName="" useRefParam="false"/>
				<bool name="bCompareWithObject" value="false" refParamName="" useRefParam="false"/>
				<TemplateObject name="destId" objectName="self" id="0" isTemp="false" refParamName="" useRefParam="false"/>
				<int name="value" value="40" refParamName="" useRefParam="false"/>
				<Enum name="checkType" value="1" refParamName="" useRefParam="false">
					<uint name="最大血量"/>
					<uint name="当前血量"/>
				</Enum>
				<Enum name="checkValueType" value="1" refParamName="" useRefParam="false">
					<uint name="绝对值"/>
					<uint name="百分比"/>
				</Enum>
				<Enum name="checkOPType" value="2" refParamName="" useRefParam="false">
					<uint name="不比较"/>
					<uint name="小于"/>
					<uint name="小等于"/>
					<uint name="等于"/>
					<uint name="大于"/>
					<uint name="大等于"/>
				</Enum>
			</Event>
		</Track>
		<Track trackName="CheckHPConditionTick6" eventType="CheckHPConditionTick" guid="0086b348-c333-42a2-87b2-ea8428c8bb29" enabled="true" useRefParam="false" refParamName="" r="1.000" g="0.400" b="0.000" execOnForceStopped="false" execOnActionCompleted="false" stopAfterLastEvent="true">
			<Condition id="1" guid="7c2cf3eb-3cb5-4003-8a8c-5a8b7ab38cbf" status="true"/>
			<Event eventName="CheckHPConditionTick" time="0.000" isDuration="false">
				<TemplateObject name="srcId" objectName="self" id="0" isTemp="false" refParamName="" useRefParam="false"/>
				<bool name="bCompareWithObject" value="false" refParamName="" useRefParam="false"/>
				<TemplateObject name="destId" objectName="self" id="0" isTemp="false" refParamName="" useRefParam="false"/>
				<int name="value" value="30" refParamName="" useRefParam="false"/>
				<Enum name="checkType" value="1" refParamName="" useRefParam="false">
					<uint name="最大血量"/>
					<uint name="当前血量"/>
				</Enum>
				<Enum name="checkValueType" value="1" refParamName="" useRefParam="false">
					<uint name="绝对值"/>
					<uint name="百分比"/>
				</Enum>
				<Enum name="checkOPType" value="2" refParamName="" useRefParam="false">
					<uint name="不比较"/>
					<uint name="小于"/>
					<uint name="小等于"/>
					<uint name="等于"/>
					<uint name="大于"/>
					<uint name="大等于"/>
				</Enum>
			</Event>
		</Track>
		<Track trackName="CheckHPConditionTick7" eventType="CheckHPConditionTick" guid="541469e9-04ab-415c-8ea7-e8fc8a7cb830" enabled="true" useRefParam="false" refParamName="" r="0.950" g="0.000" b="1.000" execOnForceStopped="false" execOnActionCompleted="false" stopAfterLastEvent="true">
			<Condition id="1" guid="7c2cf3eb-3cb5-4003-8a8c-5a8b7ab38cbf" status="true"/>
			<Event eventName="CheckHPConditionTick" time="0.000" isDuration="false">
				<TemplateObject name="srcId" objectName="self" id="0" isTemp="false" refParamName="" useRefParam="false"/>
				<bool name="bCompareWithObject" value="false" refParamName="" useRefParam="false"/>
				<TemplateObject name="destId" objectName="self" id="0" isTemp="false" refParamName="" useRefParam="false"/>
				<int name="value" value="20" refParamName="" useRefParam="false"/>
				<Enum name="checkType" value="1" refParamName="" useRefParam="false">
					<uint name="最大血量"/>
					<uint name="当前血量"/>
				</Enum>
				<Enum name="checkValueType" value="1" refParamName="" useRefParam="false">
					<uint name="绝对值"/>
					<uint name="百分比"/>
				</Enum>
				<Enum name="checkOPType" value="2" refParamName="" useRefParam="false">
					<uint name="不比较"/>
					<uint name="小于"/>
					<uint name="小等于"/>
					<uint name="等于"/>
					<uint name="大于"/>
					<uint name="大等于"/>
				</Enum>
			</Event>
		</Track>
		<Track trackName="CheckHPConditionTick8" eventType="CheckHPConditionTick" guid="930914c5-2633-405f-bf8f-1e027916e286" enabled="true" useRefParam="false" refParamName="" r="1.000" g="0.000" b="0.117" execOnForceStopped="false" execOnActionCompleted="false" stopAfterLastEvent="true">
			<Condition id="1" guid="7c2cf3eb-3cb5-4003-8a8c-5a8b7ab38cbf" status="true"/>
			<Event eventName="CheckHPConditionTick" time="0.000" isDuration="false">
				<TemplateObject name="srcId" objectName="self" id="0" isTemp="false" refParamName="" useRefParam="false"/>
				<bool name="bCompareWithObject" value="false" refParamName="" useRefParam="false"/>
				<TemplateObject name="destId" objectName="self" id="0" isTemp="false" refParamName="" useRefParam="false"/>
				<int name="value" value="10" refParamName="" useRefParam="false"/>
				<Enum name="checkType" value="1" refParamName="" useRefParam="false">
					<uint name="最大血量"/>
					<uint name="当前血量"/>
				</Enum>
				<Enum name="checkValueType" value="1" refParamName="" useRefParam="false">
					<uint name="绝对值"/>
					<uint name="百分比"/>
				</Enum>
				<Enum name="checkOPType" value="2" refParamName="" useRefParam="false">
					<uint name="不比较"/>
					<uint name="小于"/>
					<uint name="小等于"/>
					<uint name="等于"/>
					<uint name="大于"/>
					<uint name="大等于"/>
				</Enum>
			</Event>
		</Track>
		<Track trackName="HitTriggerTick0" eventType="HitTriggerTick" guid="1bb0f13e-7294-4604-867b-e29f3cecf253" enabled="false" useRefParam="false" refParamName="" r="1.000" g="0.350" b="0.000" execOnForceStopped="false" execOnActionCompleted="false" stopAfterLastEvent="true">
			<Condition id="1" guid="7c2cf3eb-3cb5-4003-8a8c-5a8b7ab38cbf" status="true"/>
			<Event eventName="HitTriggerTick" time="0.000" isDuration="false">
				<TemplateObject name="targetId" objectName="self" id="0" isTemp="false" refParamName="" useRefParam="false"/>
				<TemplateObject name="hitTargetId" objectName="None" id="-1" isTemp="false" refParamName="" useRefParam="false"/>
				<bool name="bulletHit" value="false" refParamName="" useRefParam="false"/>
				<TemplateObject name="victimId" objectName="None" id="-1" isTemp="false" refParamName="" useRefParam="false"/>
				<bool name="lastHit" value="false" refParamName="" useRefParam="false"/>
				<bool name="bSkillCombineChoose" value="false" refParamName="" useRefParam="false"/>
				<int name="SelfSkillCombineID_1" value="520952" refParamName="" useRefParam="false"/>
				<int name="SelfSkillCombineID_2" value="0" refParamName="" useRefParam="false"/>
				<int name="SelfSkillCombineID_3" value="0" refParamName="" useRefParam="false"/>
				<int name="SelfSkillCombineID1Probability" value="0" refParamName="" useRefParam="false"/>
				<int name="SelfSkillCombineID2Probability" value="0" refParamName="" useRefParam="false"/>
				<int name="SelfSkillCombineID3Probability" value="0" refParamName="" useRefParam="false"/>
				<int name="TargetSkillCombine_1" value="0" refParamName="" useRefParam="false"/>
				<int name="TargetSkillCombine_2" value="0" refParamName="" useRefParam="false"/>
				<int name="TargetSkillCombine_3" value="0" refParamName="" useRefParam="false"/>
				<int name="TargetSkillCombineID1Probability" value="0" refParamName="" useRefParam="false"/>
				<int name="TargetSkillCombineID2Probability" value="0" refParamName="" useRefParam="false"/>
				<int name="TargetSkillCombineID3Probability" value="0" refParamName="" useRefParam="false"/>
				<bool name="bCheckSight" value="false" refParamName="" useRefParam="false"/>
				<bool name="bCheckSkillLevel" value="false" refParamName="" useRefParam="false"/>
				<Enum name="refSkillSlot" value="1" refParamName="" useRefParam="false">
					<uint name="普攻"/>
					<uint name="技能1"/>
					<uint name="技能2"/>
					<uint name="技能3"/>
					<uint name="技能4"/>
					<uint name="天赋技能"/>
					<uint name="回城"/>
					<uint name="饰品栏技能"/>
					<uint name=""/>
				</Enum>
				<int name="refSkillLevel" value="0" refParamName="" useRefParam="false"/>
				<Enum name="compareOPType" value="3" refParamName="" useRefParam="false">
					<uint name="不比较"/>
					<uint name="小于"/>
					<uint name="小等于"/>
					<uint name="等于"/>
					<uint name="大于"/>
					<uint name="大等于"/>
					<uint name=""/>
				</Enum>
				<TemplateObject name="triggerId" objectName="None" id="-1" isTemp="false" refParamName="" useRefParam="false"/>
				<bool name="bExtraBuff" value="false" refParamName="" useRefParam="false"/>
				<bool name="bOverrideParam" value="false" refParamName="" useRefParam="false"/>
				<int name="buffOverrideParam1" value="0" refParamName="" useRefParam="false"/>
				<int name="buffOverrideParam2" value="0" refParamName="" useRefParam="false"/>
				<int name="buffOverrideParam3" value="0" refParamName="" useRefParam="false"/>
				<int name="buffOverrideParam4" value="0" refParamName="" useRefParam="false"/>
				<int name="buffOverrideParam5" value="0" refParamName="" useRefParam="false"/>
				<TemplateObject name="paramTargetId" objectName="None" id="-1" isTemp="false" refParamName="" useRefParam="false"/>
				<TemplateObject name="paramTargetId2" objectName="None" id="-1" isTemp="false" refParamName="" useRefParam="false"/>
			</Event>
		</Track>
		<Track trackName="减cd" eventType="HitTriggerTick" guid="3d5f16f8-07c1-4109-a638-340035fe1649" enabled="true" useRefParam="false" refParamName="" r="1.000" g="0.000" b="0.067" execOnForceStopped="false" execOnActionCompleted="false" stopAfterLastEvent="true">
			<Condition id="1" guid="7c2cf3eb-3cb5-4003-8a8c-5a8b7ab38cbf" status="true"/>
			<Event eventName="HitTriggerTick" time="0.000" isDuration="false">
				<TemplateObject name="targetId" objectName="self" id="0" isTemp="false" refParamName="" useRefParam="false"/>
				<TemplateObject name="hitTargetId" objectName="None" id="-1" isTemp="false" refParamName="" useRefParam="false"/>
				<bool name="bulletHit" value="false" refParamName="" useRefParam="false"/>
				<TemplateObject name="victimId" objectName="None" id="-1" isTemp="false" refParamName="" useRefParam="false"/>
				<bool name="lastHit" value="false" refParamName="" useRefParam="false"/>
				<bool name="bSkillCombineChoose" value="false" refParamName="" useRefParam="false"/>
				<int name="SelfSkillCombineID_1" value="520060" refParamName="" useRefParam="false"/>
				<int name="SelfSkillCombineID_2" value="520061" refParamName="" useRefParam="false"/>
				<int name="SelfSkillCombineID_3" value="0" refParamName="" useRefParam="false"/>
				<int name="SelfSkillCombineID1Probability" value="0" refParamName="" useRefParam="false"/>
				<int name="SelfSkillCombineID2Probability" value="0" refParamName="" useRefParam="false"/>
				<int name="SelfSkillCombineID3Probability" value="0" refParamName="" useRefParam="false"/>
				<int name="TargetSkillCombine_1" value="0" refParamName="" useRefParam="false"/>
				<int name="TargetSkillCombine_2" value="0" refParamName="" useRefParam="false"/>
				<int name="TargetSkillCombine_3" value="0" refParamName="" useRefParam="false"/>
				<int name="TargetSkillCombineID1Probability" value="0" refParamName="" useRefParam="false"/>
				<int name="TargetSkillCombineID2Probability" value="0" refParamName="" useRefParam="false"/>
				<int name="TargetSkillCombineID3Probability" value="0" refParamName="" useRefParam="false"/>
				<bool name="bCheckSight" value="false" refParamName="" useRefParam="false"/>
				<bool name="bCheckSkillLevel" value="false" refParamName="" useRefParam="false"/>
				<Enum name="refSkillSlot" value="1" refParamName="" useRefParam="false">
					<uint name="普攻"/>
					<uint name="技能1"/>
					<uint name="技能2"/>
					<uint name="技能3"/>
					<uint name="技能4"/>
					<uint name="天赋技能"/>
					<uint name="回城"/>
					<uint name="饰品栏技能"/>
					<uint name=""/>
				</Enum>
				<int name="refSkillLevel" value="0" refParamName="" useRefParam="false"/>
				<Enum name="compareOPType" value="3" refParamName="" useRefParam="false">
					<uint name="不比较"/>
					<uint name="小于"/>
					<uint name="小等于"/>
					<uint name="等于"/>
					<uint name="大于"/>
					<uint name="大等于"/>
					<uint name=""/>
				</Enum>
				<TemplateObject name="triggerId" objectName="None" id="-1" isTemp="false" refParamName="" useRefParam="false"/>
				<bool name="bExtraBuff" value="false" refParamName="" useRefParam="false"/>
				<bool name="bOverrideParam" value="false" refParamName="" useRefParam="false"/>
				<int name="buffOverrideParam1" value="0" refParamName="" useRefParam="false"/>
				<int name="buffOverrideParam2" value="0" refParamName="" useRefParam="false"/>
				<int name="buffOverrideParam3" value="0" refParamName="" useRefParam="false"/>
				<int name="buffOverrideParam4" value="0" refParamName="" useRefParam="false"/>
				<int name="buffOverrideParam5" value="0" refParamName="" useRefParam="false"/>
				<TemplateObject name="paramTargetId" objectName="None" id="-1" isTemp="false" refParamName="" useRefParam="false"/>
				<TemplateObject name="paramTargetId2" objectName="None" id="-1" isTemp="false" refParamName="" useRefParam="false"/>
			</Event>
		</Track>
		<Track trackName="延长Buff" eventType="HitTriggerTick" guid="52442bd9-9a22-4d4d-943b-400e4a1b23fd" enabled="true" useRefParam="false" refParamName="" r="0.000" g="1.000" b="0.300" execOnForceStopped="false" execOnActionCompleted="false" stopAfterLastEvent="true">
			<Condition id="1" guid="7c2cf3eb-3cb5-4003-8a8c-5a8b7ab38cbf" status="true"/>
			<Event eventName="HitTriggerTick" time="0.000" isDuration="false">
				<TemplateObject name="targetId" objectName="self" id="0" isTemp="false" refParamName="" useRefParam="false"/>
				<TemplateObject name="hitTargetId" objectName="None" id="-1" isTemp="false" refParamName="" useRefParam="false"/>
				<bool name="bulletHit" value="false" refParamName="" useRefParam="false"/>
				<TemplateObject name="victimId" objectName="None" id="-1" isTemp="false" refParamName="" useRefParam="false"/>
				<bool name="lastHit" value="false" refParamName="" useRefParam="false"/>
				<bool name="bSkillCombineChoose" value="false" refParamName="" useRefParam="false"/>
				<int name="SelfSkillCombineID_1" value="520080" refParamName="" useRefParam="false"/>
				<int name="SelfSkillCombineID_2" value="0" refParamName="" useRefParam="false"/>
				<int name="SelfSkillCombineID_3" value="0" refParamName="" useRefParam="false"/>
				<int name="SelfSkillCombineID1Probability" value="0" refParamName="" useRefParam="false"/>
				<int name="SelfSkillCombineID2Probability" value="0" refParamName="" useRefParam="false"/>
				<int name="SelfSkillCombineID3Probability" value="0" refParamName="" useRefParam="false"/>
				<int name="TargetSkillCombine_1" value="0" refParamName="" useRefParam="false"/>
				<int name="TargetSkillCombine_2" value="0" refParamName="" useRefParam="false"/>
				<int name="TargetSkillCombine_3" value="0" refParamName="" useRefParam="false"/>
				<int name="TargetSkillCombineID1Probability" value="0" refParamName="" useRefParam="false"/>
				<int name="TargetSkillCombineID2Probability" value="0" refParamName="" useRefParam="false"/>
				<int name="TargetSkillCombineID3Probability" value="0" refParamName="" useRefParam="false"/>
				<bool name="bCheckSight" value="false" refParamName="" useRefParam="false"/>
				<bool name="bCheckSkillLevel" value="false" refParamName="" useRefParam="false"/>
				<Enum name="refSkillSlot" value="1" refParamName="" useRefParam="false">
					<uint name="普攻"/>
					<uint name="技能1"/>
					<uint name="技能2"/>
					<uint name="技能3"/>
					<uint name="技能4"/>
					<uint name="天赋技能"/>
					<uint name="回城"/>
					<uint name="饰品栏技能"/>
					<uint name=""/>
				</Enum>
				<int name="refSkillLevel" value="0" refParamName="" useRefParam="false"/>
				<Enum name="compareOPType" value="3" refParamName="" useRefParam="false">
					<uint name="不比较"/>
					<uint name="小于"/>
					<uint name="小等于"/>
					<uint name="等于"/>
					<uint name="大于"/>
					<uint name="大等于"/>
					<uint name=""/>
				</Enum>
				<TemplateObject name="triggerId" objectName="None" id="-1" isTemp="false" refParamName="" useRefParam="false"/>
				<bool name="bExtraBuff" value="false" refParamName="" useRefParam="false"/>
				<bool name="bOverrideParam" value="false" refParamName="" useRefParam="false"/>
				<int name="buffOverrideParam1" value="0" refParamName="" useRefParam="false"/>
				<int name="buffOverrideParam2" value="0" refParamName="" useRefParam="false"/>
				<int name="buffOverrideParam3" value="0" refParamName="" useRefParam="false"/>
				<int name="buffOverrideParam4" value="0" refParamName="" useRefParam="false"/>
				<int name="buffOverrideParam5" value="0" refParamName="" useRefParam="false"/>
				<TemplateObject name="paramTargetId" objectName="None" id="-1" isTemp="false" refParamName="" useRefParam="false"/>
				<TemplateObject name="paramTargetId2" objectName="None" id="-1" isTemp="false" refParamName="" useRefParam="false"/>
			</Event>
		</Track>
		<Track trackName="延长buff" eventType="HitTriggerTick" guid="85278061-8ec2-40b2-bd88-c70c7af559f7" enabled="true" useRefParam="false" refParamName="" r="1.000" g="1.000" b="0.000" execOnForceStopped="false" execOnActionCompleted="false" stopAfterLastEvent="true">
			<Condition id="1" guid="7c2cf3eb-3cb5-4003-8a8c-5a8b7ab38cbf" status="true"/>
			<Event eventName="HitTriggerTick" time="0.000" isDuration="false">
				<TemplateObject name="targetId" objectName="self" id="0" isTemp="false" refParamName="" useRefParam="false"/>
				<TemplateObject name="hitTargetId" objectName="None" id="-1" isTemp="false" refParamName="" useRefParam="false"/>
				<bool name="bulletHit" value="false" refParamName="" useRefParam="false"/>
				<TemplateObject name="victimId" objectName="None" id="-1" isTemp="false" refParamName="" useRefParam="false"/>
				<bool name="lastHit" value="false" refParamName="" useRefParam="false"/>
				<bool name="bSkillCombineChoose" value="false" refParamName="" useRefParam="false"/>
				<int name="SelfSkillCombineID_1" value="520081" refParamName="" useRefParam="false"/>
				<int name="SelfSkillCombineID_2" value="0" refParamName="" useRefParam="false"/>
				<int name="SelfSkillCombineID_3" value="0" refParamName="" useRefParam="false"/>
				<int name="SelfSkillCombineID1Probability" value="0" refParamName="" useRefParam="false"/>
				<int name="SelfSkillCombineID2Probability" value="0" refParamName="" useRefParam="false"/>
				<int name="SelfSkillCombineID3Probability" value="0" refParamName="" useRefParam="false"/>
				<int name="TargetSkillCombine_1" value="0" refParamName="" useRefParam="false"/>
				<int name="TargetSkillCombine_2" value="0" refParamName="" useRefParam="false"/>
				<int name="TargetSkillCombine_3" value="0" refParamName="" useRefParam="false"/>
				<int name="TargetSkillCombineID1Probability" value="0" refParamName="" useRefParam="false"/>
				<int name="TargetSkillCombineID2Probability" value="0" refParamName="" useRefParam="false"/>
				<int name="TargetSkillCombineID3Probability" value="0" refParamName="" useRefParam="false"/>
				<bool name="bCheckSight" value="false" refParamName="" useRefParam="false"/>
				<bool name="bCheckSkillLevel" value="false" refParamName="" useRefParam="false"/>
				<Enum name="refSkillSlot" value="1" refParamName="" useRefParam="false">
					<uint name="普攻"/>
					<uint name="技能1"/>
					<uint name="技能2"/>
					<uint name="技能3"/>
					<uint name="技能4"/>
					<uint name="天赋技能"/>
					<uint name="回城"/>
					<uint name="饰品栏技能"/>
					<uint name=""/>
				</Enum>
				<int name="refSkillLevel" value="0" refParamName="" useRefParam="false"/>
				<Enum name="compareOPType" value="3" refParamName="" useRefParam="false">
					<uint name="不比较"/>
					<uint name="小于"/>
					<uint name="小等于"/>
					<uint name="等于"/>
					<uint name="大于"/>
					<uint name="大等于"/>
					<uint name=""/>
				</Enum>
				<TemplateObject name="triggerId" objectName="None" id="-1" isTemp="false" refParamName="" useRefParam="false"/>
				<bool name="bExtraBuff" value="false" refParamName="" useRefParam="false"/>
				<bool name="bOverrideParam" value="false" refParamName="" useRefParam="false"/>
				<int name="buffOverrideParam1" value="0" refParamName="" useRefParam="false"/>
				<int name="buffOverrideParam2" value="0" refParamName="" useRefParam="false"/>
				<int name="buffOverrideParam3" value="0" refParamName="" useRefParam="false"/>
				<int name="buffOverrideParam4" value="0" refParamName="" useRefParam="false"/>
				<int name="buffOverrideParam5" value="0" refParamName="" useRefParam="false"/>
				<TemplateObject name="paramTargetId" objectName="None" id="-1" isTemp="false" refParamName="" useRefParam="false"/>
				<TemplateObject name="paramTargetId2" objectName="None" id="-1" isTemp="false" refParamName="" useRefParam="false"/>
			</Event>
		</Track>
		<Track trackName="过滤非小怪" eventType="FilterTargetType" guid="7f23c679-761d-4c3e-8f46-b46a534d9f53" enabled="true" useRefParam="false" refParamName="" r="0.133" g="1.000" b="0.000" execOnForceStopped="false" execOnActionCompleted="false" stopAfterLastEvent="true">
			<Event eventName="FilterTargetType" time="0.000" isDuration="false">
				<TemplateObject name="targetId" objectName="target" id="1" isTemp="false" refParamName="" useRefParam="false"/>
				<bool name="bFilterHero" value="true" refParamName="" useRefParam="false"/>
				<bool name="bFilterMonter" value="false" refParamName="" useRefParam="false"/>
				<bool name="bFilterBoss" value="false" refParamName="" useRefParam="false"/>
				<bool name="bFilterOrgan" value="true" refParamName="" useRefParam="false"/>
				<bool name="bFilterChest" value="true" refParamName="" useRefParam="false"/>
				<bool name="bFilterEye" value="true" refParamName="" useRefParam="false"/>
				<bool name="bFilterPet" value="false" refParamName="" useRefParam="false"/>
				<bool name="bFilterMajorMonster" value="false" refParamName="" useRefParam="false"/>
				<bool name="bFilterMinorMonster" value="false" refParamName="" useRefParam="false"/>
				<bool name="bFilterSoldier" value="false" refParamName="" useRefParam="false"/>
				<bool name="bFilterOtherMonster" value="false" refParamName="" useRefParam="false"/>
				<bool name="bFilterSameCamp" value="false" refParamName="" useRefParam="false"/>
				<bool name="bFilterDiffCamp" value="false" refParamName="" useRefParam="false"/>
				<bool name="bOnlySelf" value="false" refParamName="" useRefParam="false"/>
				<bool name="bOnlyHostHero" value="false" refParamName="" useRefParam="false"/>
				<bool name="bImmediateRevive" value="false" refParamName="" useRefParam="false"/>
				<Enum name="attackType" value="0" refParamName="" useRefParam="false">
					<uint name="所有英雄"/>
					<uint name="近战英雄"/>
					<uint name="远程英雄"/>
				</Enum>
				<bool name="bSelectJob" value="false" refParamName="" useRefParam="false"/>
				<Enum name="jobType" value="0" refParamName="" useRefParam="false">
					<uint name="N/A"/>
					<uint name="坦克"/>
					<uint name="战士"/>
					<uint name="刺客"/>
					<uint name="法师"/>
					<uint name="射手"/>
					<uint name="辅助"/>
					<uint name=""/>
				</Enum>
			</Event>
		</Track>
		<Track trackName="HitTriggerTick0" eventType="HitTriggerTick" guid="24af6875-fb47-43bf-a14d-f49a97fd6b98" enabled="false" useRefParam="false" refParamName="" r="1.000" g="0.317" b="0.000" execOnForceStopped="false" execOnActionCompleted="false" stopAfterLastEvent="true">
			<Condition id="15" guid="7f23c679-761d-4c3e-8f46-b46a534d9f53" status="true"/>
			<Event eventName="HitTriggerTick" time="0.000" isDuration="false">
				<TemplateObject name="targetId" objectName="self" id="0" isTemp="false" refParamName="" useRefParam="false"/>
				<TemplateObject name="hitTargetId" objectName="None" id="-1" isTemp="false" refParamName="" useRefParam="false"/>
				<bool name="bulletHit" value="false" refParamName="" useRefParam="false"/>
				<TemplateObject name="victimId" objectName="None" id="-1" isTemp="false" refParamName="" useRefParam="false"/>
				<bool name="lastHit" value="false" refParamName="" useRefParam="false"/>
				<bool name="bSkillCombineChoose" value="false" refParamName="" useRefParam="false"/>
				<int name="SelfSkillCombineID_1" value="520953" refParamName="" useRefParam="false"/>
				<int name="SelfSkillCombineID_2" value="0" refParamName="" useRefParam="false"/>
				<int name="SelfSkillCombineID_3" value="0" refParamName="" useRefParam="false"/>
				<int name="SelfSkillCombineID1Probability" value="0" refParamName="" useRefParam="false"/>
				<int name="SelfSkillCombineID2Probability" value="0" refParamName="" useRefParam="false"/>
				<int name="SelfSkillCombineID3Probability" value="0" refParamName="" useRefParam="false"/>
				<int name="TargetSkillCombine_1" value="0" refParamName="" useRefParam="false"/>
				<int name="TargetSkillCombine_2" value="0" refParamName="" useRefParam="false"/>
				<int name="TargetSkillCombine_3" value="0" refParamName="" useRefParam="false"/>
				<int name="TargetSkillCombineID1Probability" value="0" refParamName="" useRefParam="false"/>
				<int name="TargetSkillCombineID2Probability" value="0" refParamName="" useRefParam="false"/>
				<int name="TargetSkillCombineID3Probability" value="0" refParamName="" useRefParam="false"/>
				<bool name="bCheckSight" value="false" refParamName="" useRefParam="false"/>
				<bool name="bCheckSkillLevel" value="false" refParamName="" useRefParam="false"/>
				<Enum name="refSkillSlot" value="1" refParamName="" useRefParam="false">
					<uint name="普攻"/>
					<uint name="技能1"/>
					<uint name="技能2"/>
					<uint name="技能3"/>
					<uint name="技能4"/>
					<uint name="天赋技能"/>
					<uint name="回城"/>
					<uint name="饰品栏技能"/>
					<uint name=""/>
				</Enum>
				<int name="refSkillLevel" value="0" refParamName="" useRefParam="false"/>
				<Enum name="compareOPType" value="3" refParamName="" useRefParam="false">
					<uint name="不比较"/>
					<uint name="小于"/>
					<uint name="小等于"/>
					<uint name="等于"/>
					<uint name="大于"/>
					<uint name="大等于"/>
					<uint name=""/>
				</Enum>
				<TemplateObject name="triggerId" objectName="None" id="-1" isTemp="false" refParamName="" useRefParam="false"/>
				<bool name="bExtraBuff" value="false" refParamName="" useRefParam="false"/>
				<bool name="bOverrideParam" value="false" refParamName="" useRefParam="false"/>
				<int name="buffOverrideParam1" value="0" refParamName="" useRefParam="false"/>
				<int name="buffOverrideParam2" value="0" refParamName="" useRefParam="false"/>
				<int name="buffOverrideParam3" value="0" refParamName="" useRefParam="false"/>
				<int name="buffOverrideParam4" value="0" refParamName="" useRefParam="false"/>
				<int name="buffOverrideParam5" value="0" refParamName="" useRefParam="false"/>
				<TemplateObject name="paramTargetId" objectName="None" id="-1" isTemp="false" refParamName="" useRefParam="false"/>
				<TemplateObject name="paramTargetId2" objectName="None" id="-1" isTemp="false" refParamName="" useRefParam="false"/>
			</Event>
		</Track>
		<Track trackName="TriggerParticleTick0" eventType="TriggerParticleTick" guid="a66c0c5d-659b-4258-b6f7-6630f5046041" enabled="true" useRefParam="false" refParamName="" r="0.000" g="1.000" b="0.117" execOnForceStopped="false" execOnActionCompleted="false" stopAfterLastEvent="true">
			<Event eventName="TriggerParticleTick" time="0.000" isDuration="false">
				<TemplateObject name="targetId" objectName="target" id="1" isTemp="false" refParamName="" useRefParam="false"/>
				<TemplateObject name="objectSpaceId" objectName="target" id="1" isTemp="false" refParamName="" useRefParam="false"/>
				<bool name="bDonotAttackToMesh" value="false" refParamName="" useRefParam="false"/>
				<String name="parentResourceName" value="" refParamName="" useRefParam="false"/>
				<String name="resourceName" value="prefab_skill_effects/hero_skill_effects/520_veres/52003/520_Veres_hurt01" refParamName="" useRefParam="false"/>
				<String name="resourceName2" value="" refParamName="" useRefParam="false"/>
				<String name="resourceName3" value="" refParamName="" useRefParam="false"/>
				<float name="lifeTime" value="1.000" refParamName="" useRefParam="false"/>
				<bool name="dontShowIfNoBindPoint" value="false" refParamName="" useRefParam="false"/>
				<String name="bindPointName" value="" refParamName="" useRefParam="false"/>
				<Vector3 name="bindPosOffset" x="0.000" y="1.000" z="0.000" refParamName="" useRefParam="false"/>
				<EulerAngle name="bindRotOffset" x="0.000" y="0.000" z="0.000" refParamName="" useRefParam="false"/>
				<bool name="bUseRealScaling" value="true" refParamName="" useRefParam="false"/>
				<Vector3 name="scaling" x="1.000" y="1.000" z="1.000" refParamName="" useRefParam="false"/>
				<bool name="bEnableOptCull" value="true" refParamName="" useRefParam="false"/>
				<bool name="bBulletPos" value="false" refParamName="" useRefParam="false"/>
				<TemplateObject name="lookTargetId" objectName="self" id="0" isTemp="false" refParamName="" useRefParam="false"/>
				<bool name="bBulletDir" value="false" refParamName="" useRefParam="false"/>
				<bool name="applyActionSpeedToAnimation" value="false" refParamName="" useRefParam="false"/>
				<bool name="bBullerPosDir" value="false" refParamName="" useRefParam="false"/>
				<bool name="bUseHeroLocalForward" value="false" refParamName="" useRefParam="false"/>
				<bool name="applyActionSpeedToParticle" value="true" refParamName="" useRefParam="false"/>
				<int name="extend" value="10" refParamName="" useRefParam="false"/>
				<bool name="bOnlyFollowPos" value="true" refParamName="" useRefParam="false"/>
				<bool name="bRotateFollowCamera" value="false" refParamName="" useRefParam="false"/>
				<int name="particleScaleGrow" value="0" refParamName="" useRefParam="false"/>
				<Enum name="ReplacementUsage" value="0" refParamName="" useRefParam="false">
					<uint name="无"/>
					<uint name="回城特效"/>
					<uint name="击杀特效"/>
					<uint name="泉水加速特效"/>
				</Enum>
				<bool name="bRandomRotation" value="false" refParamName="" useRefParam="false"/>
				<EulerAngle name="randRotBegin" x="0.000" y="0.000" z="0.000" refParamName="" useRefParam="false"/>
				<EulerAngle name="randRotEnd" x="0.000" y="0.000" z="0.000" refParamName="" useRefParam="false"/>
				<bool name="bUseTargetSkinEffect" value="false" refParamName="" useRefParam="false"/>
				<Enum name="ReplacementSubUsage" value="0" refParamName="" useRefParam="false">
					<uint name="无"/>
					<uint name="回城落地特效"/>
				</Enum>
				<bool name="bNoDynamicLod" value="false" refParamName="" useRefParam="false"/>
				<bool name="bAllowEmptyEffect" value="false" refParamName="" useRefParam="false"/>
			</Event>
		</Track>
		<Track trackName="伤害" eventType="SkillFuncInstant" guid="8d09eb2f-50ed-4358-a741-27ca7e1a94dd" enabled="true" useRefParam="false" refParamName="" r="1.000" g="0.000" b="0.667" execOnForceStopped="false" execOnActionCompleted="false" stopAfterLastEvent="true">
			<Event eventName="SkillFuncInstant" time="0.000" isDuration="false">
				<Enum name="SkillFuncType" value="0" refParamName="" useRefParam="false">
					<uint name="物理伤害"/>
					<uint name="法术伤害"/>
					<uint name="真实伤害"/>
					<uint name="回复生命值"/>
					<uint name="增加攻击速度"/>
					<uint name="减少攻击速度"/>
					<uint name="增加移动速度"/>
					<uint name="减少移动速度"/>
					<uint name="提高攻击力"/>
					<uint name="降低攻击力"/>
					<uint name="吸血"/>
				</Enum>
			</Event>
		</Track>
		<Track trackName="正常吸血10%" eventType="SkillFuncInstant" guid="bb6308f1-4dce-4cdf-843e-284d3d83c491" enabled="true" useRefParam="false" refParamName="" r="1.000" g="0.467" b="0.000" execOnForceStopped="false" execOnActionCompleted="false" stopAfterLastEvent="true">
			<Condition id="1" guid="7c2cf3eb-3cb5-4003-8a8c-5a8b7ab38cbf" status="true"/>
			<Event eventName="SkillFuncInstant" time="0.000" isDuration="false">
				<Enum name="SkillFuncType" value="10" refParamName="" useRefParam="false">
					<uint name="物理伤害"/>
					<uint name="法术伤害"/>
					<uint name="真实伤害"/>
					<uint name="回复生命值"/>
					<uint name="增加攻击速度"/>
					<uint name="减少攻击速度"/>
					<uint name="增加移动速度"/>
					<uint name="减少移动速度"/>
					<uint name="提高攻击力"/>
					<uint name="降低攻击力"/>
					<uint name="吸血"/>
				</Enum>
			</Event>
		</Track>
		<Track trackName="额外吸血10%" eventType="SkillFuncInstant" guid="847fbfe1-c620-4a5b-8814-7bc68ed08b23" enabled="true" useRefParam="false" refParamName="" r="1.000" g="0.650" b="0.000" execOnForceStopped="false" execOnActionCompleted="false" stopAfterLastEvent="true">
			<Condition id="2" guid="e08f4771-fd5f-461e-b5fd-465f5300c4c8" status="true"/>
			<Event eventName="SkillFuncInstant" time="0.000" isDuration="false">
				<Enum name="SkillFuncType" value="10" refParamName="" useRefParam="false">
					<uint name="物理伤害"/>
					<uint name="法术伤害"/>
					<uint name="真实伤害"/>
					<uint name="回复生命值"/>
					<uint name="增加攻击速度"/>
					<uint name="减少攻击速度"/>
					<uint name="增加移动速度"/>
					<uint name="减少移动速度"/>
					<uint name="提高攻击力"/>
					<uint name="降低攻击力"/>
					<uint name="吸血"/>
				</Enum>
			</Event>
		</Track>
		<Track trackName="额外吸血10%" eventType="SkillFuncInstant" guid="0b596913-b5c9-4a70-8344-ab302935b2e9" enabled="true" useRefParam="false" refParamName="" r="1.000" g="0.000" b="0.317" execOnForceStopped="false" execOnActionCompleted="false" stopAfterLastEvent="true">
			<Condition id="3" guid="e3d41dff-cade-41ac-8363-a68e85eec99e" status="true"/>
			<Event eventName="SkillFuncInstant" time="0.000" isDuration="false">
				<Enum name="SkillFuncType" value="10" refParamName="" useRefParam="false">
					<uint name="物理伤害"/>
					<uint name="法术伤害"/>
					<uint name="真实伤害"/>
					<uint name="回复生命值"/>
					<uint name="增加攻击速度"/>
					<uint name="减少攻击速度"/>
					<uint name="增加移动速度"/>
					<uint name="减少移动速度"/>
					<uint name="提高攻击力"/>
					<uint name="降低攻击力"/>
					<uint name="吸血"/>
				</Enum>
			</Event>
		</Track>
		<Track trackName="额外吸血10%" eventType="SkillFuncInstant" guid="49f1f0ca-48dd-4eb6-8d15-2609a887d6a7" enabled="true" useRefParam="false" refParamName="" r="0.733" g="0.000" b="1.000" execOnForceStopped="false" execOnActionCompleted="false" stopAfterLastEvent="true">
			<Condition id="4" guid="a0dc9878-ca8b-4917-a3a8-48f1bbb97aed" status="true"/>
			<Event eventName="SkillFuncInstant" time="0.000" isDuration="false">
				<Enum name="SkillFuncType" value="10" refParamName="" useRefParam="false">
					<uint name="物理伤害"/>
					<uint name="法术伤害"/>
					<uint name="真实伤害"/>
					<uint name="回复生命值"/>
					<uint name="增加攻击速度"/>
					<uint name="减少攻击速度"/>
					<uint name="增加移动速度"/>
					<uint name="减少移动速度"/>
					<uint name="提高攻击力"/>
					<uint name="降低攻击力"/>
					<uint name="吸血"/>
				</Enum>
			</Event>
		</Track>
		<Track trackName="额外吸血10%" eventType="SkillFuncInstant" guid="21d79f88-c0d8-4fd4-a595-25d4c3c92fff" enabled="true" useRefParam="false" refParamName="" r="1.000" g="0.000" b="0.133" execOnForceStopped="false" execOnActionCompleted="false" stopAfterLastEvent="true">
			<Condition id="5" guid="5eaa52e4-18e4-48ac-8e6d-48b7d65e5989" status="true"/>
			<Event eventName="SkillFuncInstant" time="0.000" isDuration="false">
				<Enum name="SkillFuncType" value="10" refParamName="" useRefParam="false">
					<uint name="物理伤害"/>
					<uint name="法术伤害"/>
					<uint name="真实伤害"/>
					<uint name="回复生命值"/>
					<uint name="增加攻击速度"/>
					<uint name="减少攻击速度"/>
					<uint name="增加移动速度"/>
					<uint name="减少移动速度"/>
					<uint name="提高攻击力"/>
					<uint name="降低攻击力"/>
					<uint name="吸血"/>
				</Enum>
			</Event>
		</Track>
		<Track trackName="额外吸血10%" eventType="SkillFuncInstant" guid="99b4aaef-cbb0-4a41-9613-54f6a59db282" enabled="true" useRefParam="false" refParamName="" r="0.000" g="1.000" b="0.500" execOnForceStopped="false" execOnActionCompleted="false" stopAfterLastEvent="true">
			<Condition id="6" guid="ba0a7921-90be-444f-8506-10a0ba385200" status="true"/>
			<Event eventName="SkillFuncInstant" time="0.000" isDuration="false">
				<Enum name="SkillFuncType" value="10" refParamName="" useRefParam="false">
					<uint name="物理伤害"/>
					<uint name="法术伤害"/>
					<uint name="真实伤害"/>
					<uint name="回复生命值"/>
					<uint name="增加攻击速度"/>
					<uint name="减少攻击速度"/>
					<uint name="增加移动速度"/>
					<uint name="减少移动速度"/>
					<uint name="提高攻击力"/>
					<uint name="降低攻击力"/>
					<uint name="吸血"/>
				</Enum>
			</Event>
		</Track>
		<Track trackName="额外吸血10%" eventType="SkillFuncInstant" guid="2012e7d0-3b88-49bb-9576-1ebd40c04115" enabled="true" useRefParam="false" refParamName="" r="0.850" g="1.000" b="0.000" execOnForceStopped="false" execOnActionCompleted="false" stopAfterLastEvent="true">
			<Condition id="7" guid="94021926-ffff-44dd-92d4-7d1072ec33ee" status="true"/>
			<Event eventName="SkillFuncInstant" time="0.000" isDuration="false">
				<Enum name="SkillFuncType" value="10" refParamName="" useRefParam="false">
					<uint name="物理伤害"/>
					<uint name="法术伤害"/>
					<uint name="真实伤害"/>
					<uint name="回复生命值"/>
					<uint name="增加攻击速度"/>
					<uint name="减少攻击速度"/>
					<uint name="增加移动速度"/>
					<uint name="减少移动速度"/>
					<uint name="提高攻击力"/>
					<uint name="降低攻击力"/>
					<uint name="吸血"/>
				</Enum>
			</Event>
		</Track>
		<Track trackName="额外吸血10%" eventType="SkillFuncInstant" guid="95b007ae-42b3-489f-89a3-570fb0abb818" enabled="true" useRefParam="false" refParamName="" r="0.000" g="1.000" b="0.283" execOnForceStopped="false" execOnActionCompleted="false" stopAfterLastEvent="true">
			<Condition id="8" guid="0086b348-c333-42a2-87b2-ea8428c8bb29" status="true"/>
			<Event eventName="SkillFuncInstant" time="0.000" isDuration="false">
				<Enum name="SkillFuncType" value="10" refParamName="" useRefParam="false">
					<uint name="物理伤害"/>
					<uint name="法术伤害"/>
					<uint name="真实伤害"/>
					<uint name="回复生命值"/>
					<uint name="增加攻击速度"/>
					<uint name="减少攻击速度"/>
					<uint name="增加移动速度"/>
					<uint name="减少移动速度"/>
					<uint name="提高攻击力"/>
					<uint name="降低攻击力"/>
					<uint name="吸血"/>
				</Enum>
			</Event>
		</Track>
		<Track trackName="额外吸血10%" eventType="SkillFuncInstant" guid="99f5c320-3438-4e38-9de3-b53524616318" enabled="true" useRefParam="false" refParamName="" r="1.000" g="0.000" b="0.500" execOnForceStopped="false" execOnActionCompleted="false" stopAfterLastEvent="true">
			<Condition id="9" guid="541469e9-04ab-415c-8ea7-e8fc8a7cb830" status="true"/>
			<Event eventName="SkillFuncInstant" time="0.000" isDuration="false">
				<Enum name="SkillFuncType" value="10" refParamName="" useRefParam="false">
					<uint name="物理伤害"/>
					<uint name="法术伤害"/>
					<uint name="真实伤害"/>
					<uint name="回复生命值"/>
					<uint name="增加攻击速度"/>
					<uint name="减少攻击速度"/>
					<uint name="增加移动速度"/>
					<uint name="减少移动速度"/>
					<uint name="提高攻击力"/>
					<uint name="降低攻击力"/>
					<uint name="吸血"/>
				</Enum>
			</Event>
		</Track>
		<Track trackName="额外吸血10%" eventType="SkillFuncInstant" guid="7cd3aca9-6f02-447c-8362-e962332aaa07" enabled="true" useRefParam="false" refParamName="" r="0.000" g="0.233" b="1.000" execOnForceStopped="false" execOnActionCompleted="false" stopAfterLastEvent="true">
			<Condition id="10" guid="930914c5-2633-405f-bf8f-1e027916e286" status="true"/>
			<Event eventName="SkillFuncInstant" time="0.000" isDuration="false">
				<Enum name="SkillFuncType" value="10" refParamName="" useRefParam="false">
					<uint name="物理伤害"/>
					<uint name="法术伤害"/>
					<uint name="真实伤害"/>
					<uint name="回复生命值"/>
					<uint name="增加攻击速度"/>
					<uint name="减少攻击速度"/>
					<uint name="增加移动速度"/>
					<uint name="减少移动速度"/>
					<uint name="提高攻击力"/>
					<uint name="降低攻击力"/>
					<uint name="吸血"/>
				</Enum>
			</Event>
		</Track>
	</Action>
</Project>

