<?xml version="1.0" encoding="utf-8"?>
<Project>
	<TemplateObjectList>
		<TemplateObject objectName="self" id="0" isTemp="false" />
		<TemplateObject objectName="target" id="1" isTemp="false" />
		<TemplateObject objectName="bullet" id="2" isTemp="true" />
	</TemplateObjectList>
	<RefParamList>
		<Vector3i name="targetdir" x="0" y="0" z="0" refParamName="" useRefParam="false" />
		<Vector3i name="_BulletPos" x="0" y="0" z="0" refParamName="" useRefParam="false" />
	</RefParamList>
	<Action tag="" length="3.000" loop="false">
		<Track trackName="ForbidAbilityDuration0" eventType="ForbidAbilityDuration" guid="99a9270e-db40-46b7-a6a5-bd16deefc7ce" enabled="true" useRefParam="false" refParamName="" r="0.000" g="1.000" b="0.433" execOnForceStopped="false" execOnActionCompleted="false" stopAfterLastEvent="true">
			<Event eventName="ForbidAbilityDuration" time="0.000" length="0.500" isDuration="true">
				<TemplateObject name="attackerId" objectName="self" id="0" isTemp="false" refParamName="" useRefParam="false" />
				<bool name="forbidMove" value="false" refParamName="" useRefParam="false" />
				<bool name="forbidSkill" value="true" refParamName="" useRefParam="false" />
				<bool name="forceForbidding" value="false" refParamName="" useRefParam="false" />
				<bool name="forbidFilterSkill0" value="false" refParamName="" useRefParam="false" />
				<bool name="forbidFilterSkill1" value="false" refParamName="" useRefParam="false" />
				<bool name="forbidFilterSkill2" value="true" refParamName="" useRefParam="false" />
				<bool name="forbidFilterSkill3" value="false" refParamName="" useRefParam="false" />
				<bool name="forbidFilterSkill4" value="true" refParamName="" useRefParam="false" />
				<bool name="forbidFilterSkill5" value="true" refParamName="" useRefParam="false" />
				<bool name="forbidFilterSkill6" value="false" refParamName="" useRefParam="false" />
				<bool name="forbidFilterSkill7" value="true" refParamName="" useRefParam="false" />
				<bool name="forbidFilterSkillEX3" value="false" refParamName="" useRefParam="false" />
				<bool name="forbidFilterSkill9" value="true" refParamName="" useRefParam="false" />
				<bool name="forbidFilterJointSkill" value="false" refParamName="" useRefParam="false" />
				<bool name="forbidSkillAbort" value="false" refParamName="" useRefParam="false" />
				<bool name="abortFilterSkill0" value="false" refParamName="" useRefParam="false" />
				<bool name="abortFilterSkill1" value="false" refParamName="" useRefParam="false" />
				<bool name="abortFilterSkill2" value="false" refParamName="" useRefParam="false" />
				<bool name="abortFilterSkill3" value="false" refParamName="" useRefParam="false" />
				<bool name="abortFilterSkillEX3" value="false" refParamName="" useRefParam="false" />
				<bool name="abortFilterSkill4" value="false" refParamName="" useRefParam="false" />
				<bool name="abortFilterSkill5" value="false" refParamName="" useRefParam="false" />
				<bool name="abortFilterSkill7" value="false" refParamName="" useRefParam="false" />
				<bool name="abortFilterSkill9" value="false" refParamName="" useRefParam="false" />
				<bool name="abortFilterMove" value="false" refParamName="" useRefParam="false" />
				<bool name="abortFilterDamage" value="false" refParamName="" useRefParam="false" />
				<bool name="forbidMoveRotate" value="true" refParamName="" useRefParam="false" />
				<bool name="delaySkillAbort" value="true" refParamName="" useRefParam="false" />
				<bool name="ImmuneNegative" value="false" refParamName="" useRefParam="false" />
				<bool name="ImmuneControl" value="false" refParamName="" useRefParam="false" />
				<bool name="forbidEnergyRecover" value="false" refParamName="" useRefParam="false" />
				<bool name="forbidCollisionDetection" value="false" refParamName="" useRefParam="false" />
				<bool name="abortMove" value="false" refParamName="" useRefParam="false" />
			</Event>
		</Track>
		<Track trackName="ForbidAbilityDuration0" eventType="ForbidAbilityDuration" guid="ef83c52f-dabe-48fc-b788-c62d0b1ef8df" enabled="true" useRefParam="false" refParamName="" r="0.817" g="1.000" b="0.000" execOnForceStopped="false" execOnActionCompleted="false" stopAfterLastEvent="true">
			<Event eventName="ForbidAbilityDuration" time="0.500" length="2.500" isDuration="true">
				<TemplateObject name="attackerId" objectName="self" id="0" isTemp="false" refParamName="" useRefParam="false" />
				<bool name="forbidMove" value="false" refParamName="" useRefParam="false" />
				<bool name="forbidSkill" value="true" refParamName="" useRefParam="false" />
				<bool name="forceForbidding" value="false" refParamName="" useRefParam="false" />
				<bool name="forbidFilterSkill0" value="false" refParamName="" useRefParam="false" />
				<bool name="forbidFilterSkill1" value="false" refParamName="" useRefParam="false" />
				<bool name="forbidFilterSkill2" value="true" refParamName="" useRefParam="false" />
				<bool name="forbidFilterSkill3" value="false" refParamName="" useRefParam="false" />
				<bool name="forbidFilterSkill4" value="true" refParamName="" useRefParam="false" />
				<bool name="forbidFilterSkill5" value="true" refParamName="" useRefParam="false" />
				<bool name="forbidFilterSkill6" value="false" refParamName="" useRefParam="false" />
				<bool name="forbidFilterSkill7" value="true" refParamName="" useRefParam="false" />
				<bool name="forbidFilterSkillEX3" value="false" refParamName="" useRefParam="false" />
				<bool name="forbidFilterSkill9" value="true" refParamName="" useRefParam="false" />
				<bool name="forbidFilterJointSkill" value="false" refParamName="" useRefParam="false" />
				<bool name="forbidSkillAbort" value="false" refParamName="" useRefParam="false" />
				<bool name="abortFilterSkill0" value="false" refParamName="" useRefParam="false" />
				<bool name="abortFilterSkill1" value="false" refParamName="" useRefParam="false" />
				<bool name="abortFilterSkill2" value="false" refParamName="" useRefParam="false" />
				<bool name="abortFilterSkill3" value="false" refParamName="" useRefParam="false" />
				<bool name="abortFilterSkillEX3" value="false" refParamName="" useRefParam="false" />
				<bool name="abortFilterSkill4" value="false" refParamName="" useRefParam="false" />
				<bool name="abortFilterSkill5" value="false" refParamName="" useRefParam="false" />
				<bool name="abortFilterSkill7" value="false" refParamName="" useRefParam="false" />
				<bool name="abortFilterSkill9" value="false" refParamName="" useRefParam="false" />
				<bool name="abortFilterMove" value="false" refParamName="" useRefParam="false" />
				<bool name="abortFilterDamage" value="false" refParamName="" useRefParam="false" />
				<bool name="forbidMoveRotate" value="true" refParamName="" useRefParam="false" />
				<bool name="delaySkillAbort" value="true" refParamName="" useRefParam="false" />
				<bool name="ImmuneNegative" value="false" refParamName="" useRefParam="false" />
				<bool name="ImmuneControl" value="false" refParamName="" useRefParam="false" />
				<bool name="forbidEnergyRecover" value="false" refParamName="" useRefParam="false" />
				<bool name="forbidCollisionDetection" value="false" refParamName="" useRefParam="false" />
				<bool name="abortMove" value="false" refParamName="" useRefParam="false" />
			</Event>
		</Track>
		<Track trackName="PlayAnimDuration0" eventType="PlayAnimDuration" guid="9d243092-f160-4189-a9da-f332595032c9" enabled="true" useRefParam="false" refParamName="" r="0.000" g="0.650" b="1.000" execOnForceStopped="false" execOnActionCompleted="false" stopAfterLastEvent="true">
			<Event eventName="PlayAnimDuration" time="0.000" length="3.000" isDuration="true">
				<TemplateObject name="targetId" objectName="self" id="0" isTemp="false" refParamName="" useRefParam="false" />
				<String name="clipName" value="Spell3" refParamName="" useRefParam="false" />
				<int name="layer" value="4" refParamName="" useRefParam="false" />
				<bool name="bLoop" value="false" refParamName="" useRefParam="false" />
				<float name="crossFadeTime" value="0.100" refParamName="" useRefParam="false" />
				<float name="startTime" value="0.000" refParamName="" useRefParam="false" />
				<float name="endTime" value="99999.000" refParamName="" useRefParam="false" />
				<bool name="applyActionSpeed" value="true" refParamName="" useRefParam="false" />
				<bool name="playNextAnim" value="true" refParamName="" useRefParam="false" />
				<bool name="alwaysAnimate" value="false" refParamName="" useRefParam="false" />
			</Event>
		</Track>
		<Track trackName="SpawnObjectDuration0" eventType="SpawnObjectDuration" guid="e448e97d-7729-4da1-b7a0-64ecaed0ba93" enabled="true" useRefParam="false" refParamName="" r="0.000" g="0.400" b="1.000" execOnForceStopped="false" execOnActionCompleted="false" stopAfterLastEvent="true">
			<Event eventName="SpawnObjectDuration" time="0.000" length="3.000" isDuration="true">
				<TemplateObject name="targetId" objectName="bullet" id="2" isTemp="true" refParamName="" useRefParam="false" />
				<TemplateObject name="parentId" objectName="self" id="0" isTemp="false" refParamName="" useRefParam="false" />
				<TemplateObject name="objectSpaceId" objectName="self" id="0" isTemp="false" refParamName="" useRefParam="false" />
				<bool name="bTargetPosition" value="false" refParamName="" useRefParam="false" />
				<Vector3i name="targetPosition" x="0" y="0" z="0" refParamName="" useRefParam="false" />
				<bool name="bUseRecordPos" value="false" refParamName="" useRefParam="false" />
				<String name="prefabName" value="prefab_characters/commonempty" refParamName="" useRefParam="false" />
				<bool name="bMoveCollision" value="false" refParamName="" useRefParam="false" />
				<bool name="recreateExisting" value="true" refParamName="" useRefParam="false" />
				<bool name="superTranslation" value="false" refParamName="" useRefParam="false" />
				<bool name="modifyTranslation" value="true" refParamName="" useRefParam="false" />
				<Vector3i name="translation" x="0" y="0" z="0" refParamName="" useRefParam="false" />
				<bool name="modifyDirection" value="true" refParamName="" useRefParam="false" />
				<Vector3i name="direction" x="0" y="0" z="0" refParamName="" useRefParam="false" />
				<bool name="modifyScaling" value="false" refParamName="" useRefParam="false" />
				<Vector3 name="scaling" x="1.000" y="1.000" z="1.000" refParamName="" useRefParam="false" />
				<bool name="enableLayer" value="false" refParamName="" useRefParam="false" />
				<int name="layer" value="0" refParamName="" useRefParam="false" />
				<bool name="enableTag" value="false" refParamName="" useRefParam="false" />
				<String name="tag" value="" refParamName="" useRefParam="false" />
				<bool name="applyActionSpeedToAnimation" value="true" refParamName="" useRefParam="false" />
				<bool name="applyActionSpeedToParticle" value="true" refParamName="" useRefParam="false" />
				<int name="sightRadius" value="0" refParamName="" useRefParam="false" />
				<bool name="bUseSkin" value="true" refParamName="" useRefParam="false" />
				<bool name="bUseSkinAdvance" value="false" refParamName="" useRefParam="false" />
				<int name="SightRadiusGrowth" value="0" refParamName="" useRefParam="false" />
				<bool name="bVisibleByFow" value="true" refParamName="" useRefParam="false" />
				<bool name="bCheckVisibleByShape" value="false" refParamName="" useRefParam="false" />
				<bool name="bEyeObj" value="false" refParamName="" useRefParam="false" />
				<int name="EyeLifeTime" value="0" refParamName="" useRefParam="false" />
				<int name="EyeLiftTimeGrowth" value="0" refParamName="" useRefParam="false" />
				<int name="EyePerishAdvTime" value="5000" refParamName="" useRefParam="false" />
				<int name="EyeCfgIdByMonster" value="0" refParamName="" useRefParam="false" />
				<bool name="bInvisibleBullet" value="false" refParamName="" useRefParam="false" />
				<bool name="bForbidBulletInObstacle" value="false" refParamName="" useRefParam="false" />
				<bool name="bRecordObjPosition" value="false" refParamName="" useRefParam="false" />
				<TemplateObject name="recordTargeID" objectName="None" id="-1" isTemp="false" refParamName="" useRefParam="false" />
			</Event>
		</Track>
		<Track trackName="SetCollisionTick0" eventType="SetCollisionTick" guid="1ca78c9c-afcd-4c7f-9218-b2cce4ad2ae1" enabled="true" useRefParam="false" refParamName="" r="0.067" g="1.000" b="0.000" execOnForceStopped="false" execOnActionCompleted="false" stopAfterLastEvent="true">
			<Event eventName="SetCollisionTick" time="0.000" isDuration="false">
				<TemplateObject name="targetId" objectName="bullet" id="2" isTemp="false" refParamName="" useRefParam="false" />
				<Enum name="type" value="1" refParamName="" useRefParam="false">
					<uint name="BOX" />
					<uint name="SPHERE" />
				</Enum>
				<Vector3i name="Pos" x="0" y="0" z="0" refParamName="" useRefParam="false" />
				<Vector3i name="Size" x="0" y="0" z="0" refParamName="" useRefParam="false" />
				<Vector3i name="SizeGrowthValue" x="0" y="0" z="0" refParamName="" useRefParam="false" />
				<int name="Radius" value="5500" refParamName="" useRefParam="false" />
				<int name="RadiusGrowthValue" value="0" refParamName="" useRefParam="false" />
				<int name="SectorRadius" value="1000" refParamName="" useRefParam="false" />
				<int name="Height" value="500" refParamName="" useRefParam="false" />
				<int name="Degree" value="160" refParamName="" useRefParam="false" />
				<int name="Rotation" value="160" refParamName="" useRefParam="false" />
				<int name="SectorRadiusGrow" value="0" refParamName="" useRefParam="false" />
				<int name="HeightGrow" value="0" refParamName="" useRefParam="false" />
				<int name="DegreeGrow" value="0" refParamName="" useRefParam="false" />
				<int name="RotationGrow" value="0" refParamName="" useRefParam="false" />
			</Event>
		</Track>
		<Track trackName="HitTriggerDuration0" eventType="HitTriggerDuration" guid="67a1eddb-cb84-46f7-99b3-9ccea377d12b" enabled="true" useRefParam="false" refParamName="" r="0.933" g="1.000" b="0.000" execOnForceStopped="false" execOnActionCompleted="false" stopAfterLastEvent="true">
			<Event eventName="HitTriggerDuration" time="0.000" length="3.000" isDuration="true">
				<TemplateObject name="triggerId" objectName="bullet" id="2" isTemp="false" refParamName="" useRefParam="false" />
				<TemplateObject name="attackerId" objectName="self" id="0" isTemp="false" refParamName="" useRefParam="false" />
				<int name="triggerInterval" value="350" refParamName="" useRefParam="false" />
				<int name="TriggerActorInterval" value="30" refParamName="" useRefParam="false" />
				<bool name="bFilterEnemy" value="false" refParamName="" useRefParam="false" />
				<bool name="bFilterFriend" value="true" refParamName="" useRefParam="false" />
				<bool name="bFilterHero" value="false" refParamName="" useRefParam="false" />
				<bool name="bFileterMonter" value="false" refParamName="" useRefParam="false" />
				<bool name="bFileterOrgan" value="true" refParamName="" useRefParam="false" />
				<bool name="bFilterEye" value="true" refParamName="" useRefParam="false" />
				<bool name="bFilterCallActor" value="false" refParamName="" useRefParam="false" />
				<bool name="bFilterMyself" value="true" refParamName="" useRefParam="false" />
				<bool name="bFilterDead" value="true" refParamName="" useRefParam="false" />
				<bool name="bFilterCurrentTarget" value="false" refParamName="" useRefParam="false" />
				<bool name="bFilterDeadControlHero" value="true" refParamName="" useRefParam="false" />
				<bool name="bFilterMoveDirection" value="false" refParamName="" useRefParam="false" />
				<int name="Angle" value="-1" refParamName="" useRefParam="false" />
				<bool name="bFilterFriendWithoutSelf" value="false" refParamName="" useRefParam="false" />
				<int name="TriggerActorCount" value="32" refParamName="" useRefParam="false" />
				<Enum name="SelectMode" value="0" refParamName="" useRefParam="false">
					<uint name="随机选择" />
					<uint name="血量选择" />
				</Enum>
				<int name="CollideMaxCount" value="32" refParamName="" useRefParam="false" />
				<bool name="bEdgeCheck" value="false" refParamName="" useRefParam="false" />
				<bool name="bExtraBuff" value="false" refParamName="" useRefParam="false" />
				<int name="SelfSkillCombineID_1" value="0" refParamName="" useRefParam="false" />
				<int name="SelfSkillCombineID_2" value="0" refParamName="" useRefParam="false" />
				<int name="SelfSkillCombineID_3" value="0" refParamName="" useRefParam="false" />
				<int name="TargetSkillCombine_1" value="132300" refParamName="" useRefParam="false" />
				<int name="TargetSkillCombine_2" value="0" refParamName="" useRefParam="false" />
				<int name="TargetSkillCombine_3" value="0" refParamName="" useRefParam="false" />
				<bool name="bTriggerBullet" value="false" refParamName="" useRefParam="false" />
				<String name="BulletActionName" value="prefab_characters/prefab_hero/132_MaKeBoLuo/skill/u1b1" refParamName="" useRefParam="false" />
				<bool name="bDestroyedBySpecialBullet" value="false" refParamName="" useRefParam="false" />
				<bool name="bAgeImmeExcute" value="false" refParamName="" useRefParam="false" />
				<bool name="bUseTriggerObj" value="true" refParamName="" useRefParam="false" />
				<bool name="bCheckSight" value="false" refParamName="" useRefParam="false" />
				<bool name="bTriggerMode" value="false" refParamName="" useRefParam="false" />
				<bool name="bTriggerBounceBullet" value="false" refParamName="" useRefParam="false" />
				<bool name="bRandomPosition" value="false" refParamName="" useRefParam="false" />
				<int name="randomRange" value="0" refParamName="" useRefParam="false" />
				<bool name="bCheckFirstTrigger" value="false" refParamName="" useRefParam="false" />
			</Event>
		</Track>
		<Track trackName="TriggerParticle0" eventType="TriggerParticle" guid="b9f337b9-a2ee-400c-9651-8d4ff9297a18" enabled="true" useRefParam="false" refParamName="" r="1.000" g="0.000" b="0.067" execOnForceStopped="false" execOnActionCompleted="false" stopAfterLastEvent="true">
			<Event eventName="TriggerParticle" time="0.000" length="3.000" isDuration="true">
				<TemplateObject name="targetId" objectName="self" id="0" isTemp="false" refParamName="" useRefParam="false" />
				<TemplateObject name="objectSpaceId" objectName="self" id="0" isTemp="false" refParamName="" useRefParam="false" />
				<TemplateObject name="VirtualAttachBulletId" objectName="None" id="-1" isTemp="false" refParamName="" useRefParam="false" />
				<String name="resourceName" value="prefab_skill_effects/hero_skill_effects/132_makeboluo/13202/Makeboluo_spell03_attack_02" refParamName="" useRefParam="false" />
				<String name="bindPointName" value="" refParamName="" useRefParam="false" />
				<Vector3 name="bindPosOffset" x="0.000" y="0.000" z="0.000" refParamName="" useRefParam="false" />
				<EulerAngle name="bindRotOffset" x="0.000" y="0.000" z="0.000" refParamName="" useRefParam="false" />
				<Vector3 name="scaling" x="1.000" y="1.000" z="1.000" refParamName="" useRefParam="false" />
				<bool name="bEnableOptCull" value="true" refParamName="" useRefParam="false" />
				<bool name="enableLayer" value="false" refParamName="" useRefParam="false" />
				<bool name="bBulletPos" value="false" refParamName="" useRefParam="false" />
				<bool name="bBulletDir" value="false" refParamName="" useRefParam="false" />
				<bool name="bBullerPosDir" value="false" refParamName="" useRefParam="false" />
				<int name="layer" value="0" refParamName="" useRefParam="false" />
				<bool name="enableTag" value="false" refParamName="" useRefParam="false" />
				<String name="tag" value="" refParamName="" useRefParam="false" />
				<bool name="applyActionSpeedToParticle" value="true" refParamName="" useRefParam="false" />
				<int name="extend" value="10" refParamName="" useRefParam="false" />
				<bool name="bOnlyFollowPos" value="false" refParamName="" useRefParam="false" />
				<bool name="bUseSkin" value="true" refParamName="" useRefParam="false" />
				<bool name="bUseSkinAdvance" value="true" refParamName="" useRefParam="false" />
				<int name="iDelayDisappearTime" value="0" refParamName="" useRefParam="false" />
				<int name="particleScaleGrow" value="0" refParamName="" useRefParam="false" />
			</Event>
		</Track>
		<Track trackName="SkillTimerProcessBarDuration8" eventType="SkillTimerProcessBarDuration" guid="b44cc936-23ec-4794-9158-44a62cd032bc" enabled="true" useRefParam="false" refParamName="" r="1.000" g="0.000" b="0.283" execOnForceStopped="false" execOnActionCompleted="false" stopAfterLastEvent="true">
			<Event eventName="SkillTimerProcessBarDuration" time="0.000" length="3.000" isDuration="true">
				<TemplateObject name="targetId" objectName="self" id="0" isTemp="false" refParamName="" useRefParam="false" />
			</Event>
		</Track>
		<Track trackName="HitTriggerDuration0" eventType="HitTriggerDuration" guid="f9f3a81c-a2ea-40df-9bc3-d76ae4d04998" enabled="false" useRefParam="false" refParamName="" r="0.850" g="0.000" b="1.000" execOnForceStopped="false" execOnActionCompleted="false" stopAfterLastEvent="true">
			<Event eventName="HitTriggerDuration" time="0.000" length="3.000" isDuration="true">
				<TemplateObject name="triggerId" objectName="bullet" id="2" isTemp="false" refParamName="" useRefParam="false" />
				<TemplateObject name="attackerId" objectName="self" id="0" isTemp="false" refParamName="" useRefParam="false" />
				<int name="triggerInterval" value="60" refParamName="" useRefParam="false" />
				<int name="TriggerActorInterval" value="300" refParamName="" useRefParam="false" />
				<bool name="bFilterEnemy" value="false" refParamName="" useRefParam="false" />
				<bool name="bFilterFriend" value="true" refParamName="" useRefParam="false" />
				<bool name="bFilterHero" value="false" refParamName="" useRefParam="false" />
				<bool name="bFileterMonter" value="false" refParamName="" useRefParam="false" />
				<bool name="bFileterOrgan" value="true" refParamName="" useRefParam="false" />
				<bool name="bFilterEye" value="true" refParamName="" useRefParam="false" />
				<bool name="bFilterCallActor" value="false" refParamName="" useRefParam="false" />
				<bool name="bFilterMyself" value="true" refParamName="" useRefParam="false" />
				<bool name="bFilterDead" value="true" refParamName="" useRefParam="false" />
				<bool name="bFilterCurrentTarget" value="false" refParamName="" useRefParam="false" />
				<bool name="bFilterDeadControlHero" value="true" refParamName="" useRefParam="false" />
				<bool name="bFilterMoveDirection" value="false" refParamName="" useRefParam="false" />
				<int name="Angle" value="-1" refParamName="" useRefParam="false" />
				<bool name="bFilterFriendWithoutSelf" value="false" refParamName="" useRefParam="false" />
				<int name="TriggerActorCount" value="2" refParamName="" useRefParam="false" />
				<Enum name="SelectMode" value="0" refParamName="" useRefParam="false">
					<uint name="随机选择" />
					<uint name="血量选择" />
				</Enum>
				<int name="CollideMaxCount" value="-1" refParamName="" useRefParam="false" />
				<bool name="bEdgeCheck" value="false" refParamName="" useRefParam="false" />
				<bool name="bExtraBuff" value="false" refParamName="" useRefParam="false" />
				<int name="SelfSkillCombineID_1" value="0" refParamName="" useRefParam="false" />
				<int name="SelfSkillCombineID_2" value="0" refParamName="" useRefParam="false" />
				<int name="SelfSkillCombineID_3" value="0" refParamName="" useRefParam="false" />
				<int name="TargetSkillCombine_1" value="0" refParamName="" useRefParam="false" />
				<int name="TargetSkillCombine_2" value="0" refParamName="" useRefParam="false" />
				<int name="TargetSkillCombine_3" value="0" refParamName="" useRefParam="false" />
				<bool name="bTriggerBullet" value="true" refParamName="" useRefParam="false" />
				<String name="BulletActionName" value="prefab_characters/prefab_hero/132_MaKeBoLuo/skill/u1b1" refParamName="" useRefParam="false" />
				<bool name="bDestroyedBySpecialBullet" value="false" refParamName="" useRefParam="false" />
				<bool name="bAgeImmeExcute" value="false" refParamName="" useRefParam="false" />
				<bool name="bUseTriggerObj" value="true" refParamName="" useRefParam="false" />
				<bool name="bCheckSight" value="false" refParamName="" useRefParam="false" />
				<bool name="bTriggerMode" value="false" refParamName="" useRefParam="false" />
				<bool name="bTriggerBounceBullet" value="false" refParamName="" useRefParam="false" />
				<bool name="bRandomPosition" value="false" refParamName="" useRefParam="false" />
				<int name="randomRange" value="0" refParamName="" useRefParam="false" />
				<bool name="bCheckFirstTrigger" value="false" refParamName="" useRefParam="false" />
			</Event>
		</Track>
		<Track trackName="TriggerParticle0" eventType="TriggerParticle" guid="fb4a9c33-3f21-4826-997a-9c14bd3b6cad" enabled="true" useRefParam="false" refParamName="" r="0.000" g="0.117" b="1.000" execOnForceStopped="false" execOnActionCompleted="false" stopAfterLastEvent="true">
			<Event eventName="TriggerParticle" time="0.000" length="3.000" isDuration="true">
				<TemplateObject name="targetId" objectName="self" id="0" isTemp="false" refParamName="" useRefParam="false" />
				<TemplateObject name="objectSpaceId" objectName="self" id="0" isTemp="false" refParamName="" useRefParam="false" />
				<TemplateObject name="VirtualAttachBulletId" objectName="None" id="-1" isTemp="false" refParamName="" useRefParam="false" />
				<String name="resourceName" value="prefab_skill_effects/hero_skill_effects/132_makeboluo/13202/makeboluo_attack_spell03c" refParamName="" useRefParam="false" />
				<String name="bindPointName" value="" refParamName="" useRefParam="false" />
				<Vector3 name="bindPosOffset" x="0.000" y="0.000" z="0.000" refParamName="" useRefParam="false" />
				<EulerAngle name="bindRotOffset" x="0.000" y="0.000" z="0.000" refParamName="" useRefParam="false" />
				<Vector3 name="scaling" x="1.000" y="1.000" z="1.000" refParamName="" useRefParam="false" />
				<bool name="bEnableOptCull" value="true" refParamName="" useRefParam="false" />
				<bool name="enableLayer" value="false" refParamName="" useRefParam="false" />
				<bool name="bBulletPos" value="false" refParamName="" useRefParam="false" />
				<bool name="bBulletDir" value="false" refParamName="" useRefParam="false" />
				<bool name="bBullerPosDir" value="false" refParamName="" useRefParam="false" />
				<int name="layer" value="0" refParamName="" useRefParam="false" />
				<bool name="enableTag" value="false" refParamName="" useRefParam="false" />
				<String name="tag" value="" refParamName="" useRefParam="false" />
				<bool name="applyActionSpeedToParticle" value="true" refParamName="" useRefParam="false" />
				<int name="extend" value="10" refParamName="" useRefParam="false" />
				<bool name="bOnlyFollowPos" value="false" refParamName="" useRefParam="false" />
				<bool name="bUseSkin" value="true" refParamName="" useRefParam="false" />
				<bool name="bUseSkinAdvance" value="true" refParamName="" useRefParam="false" />
				<int name="iDelayDisappearTime" value="0" refParamName="" useRefParam="false" />
				<int name="particleScaleGrow" value="0" refParamName="" useRefParam="false" />
			</Event>
		</Track>
		<Track trackName="TriggerParticle0" eventType="TriggerParticle" guid="dfff567c-76d0-49f6-a0f7-5c748808a9e4" enabled="true" useRefParam="false" refParamName="" r="1.000" g="0.000" b="0.817" execOnForceStopped="false" execOnActionCompleted="false" stopAfterLastEvent="true">
			<Event eventName="TriggerParticle" time="0.000" length="3.000" isDuration="true">
				<TemplateObject name="targetId" objectName="self" id="0" isTemp="false" refParamName="" useRefParam="false" />
				<TemplateObject name="objectSpaceId" objectName="self" id="0" isTemp="false" refParamName="" useRefParam="false" />
				<TemplateObject name="VirtualAttachBulletId" objectName="None" id="-1" isTemp="false" refParamName="" useRefParam="false" />
				<String name="resourceName" value="prefab_skill_effects/hero_skill_effects/132_makeboluo/13202/Makeboluo_spell03_attack_01" refParamName="" useRefParam="false" />
				<String name="bindPointName" value="" refParamName="" useRefParam="false" />
				<Vector3 name="bindPosOffset" x="0.000" y="0.000" z="0.000" refParamName="" useRefParam="false" />
				<EulerAngle name="bindRotOffset" x="0.000" y="0.000" z="0.000" refParamName="" useRefParam="false" />
				<Vector3 name="scaling" x="1.000" y="1.000" z="1.000" refParamName="" useRefParam="false" />
				<bool name="bEnableOptCull" value="true" refParamName="" useRefParam="false" />
				<bool name="enableLayer" value="false" refParamName="" useRefParam="false" />
				<bool name="bBulletPos" value="false" refParamName="" useRefParam="false" />
				<bool name="bBulletDir" value="false" refParamName="" useRefParam="false" />
				<bool name="bBullerPosDir" value="false" refParamName="" useRefParam="false" />
				<int name="layer" value="0" refParamName="" useRefParam="false" />
				<bool name="enableTag" value="false" refParamName="" useRefParam="false" />
				<String name="tag" value="" refParamName="" useRefParam="false" />
				<bool name="applyActionSpeedToParticle" value="true" refParamName="" useRefParam="false" />
				<int name="extend" value="10" refParamName="" useRefParam="false" />
				<bool name="bOnlyFollowPos" value="false" refParamName="" useRefParam="false" />
				<bool name="bUseSkin" value="true" refParamName="" useRefParam="false" />
				<bool name="bUseSkinAdvance" value="true" refParamName="" useRefParam="false" />
				<int name="iDelayDisappearTime" value="0" refParamName="" useRefParam="false" />
				<int name="particleScaleGrow" value="0" refParamName="" useRefParam="false" />
			</Event>
		</Track>
		<Track trackName="SkillFuncDuration0" eventType="SkillFuncDuration" guid="8fe72ad3-347d-4499-b1de-e9e3cd4f1d2b" enabled="true" useRefParam="false" refParamName="" r="0.017" g="0.000" b="1.000" execOnForceStopped="false" execOnActionCompleted="false" stopAfterLastEvent="true">
			<Event eventName="SkillFuncDuration" time="0.000" length="3.000" isDuration="true">
				<Enum name="SkillFuncType" value="6" refParamName="" useRefParam="false">
					<uint name="物理伤害" />
					<uint name="法术伤害" />
					<uint name="真实伤害" />
					<uint name="回复生命值" />
					<uint name="增加攻击速度" />
					<uint name="减少攻击速度" />
					<uint name="增加移动速度" />
					<uint name="减少移动速度" />
					<uint name="提高攻击力" />
					<uint name="降低攻击力" />
					<uint name="吸血" />
					<uint name="增加护甲" />
					<uint name="减少护甲" />
					<uint name="增加抗性" />
					<uint name="减少抗性" />
					<uint name="免疫效果" />
					<uint name="减少技能CD" />
					<uint name="增加法术强度" />
					<uint name="减少法术强度" />
					<uint name="增加暴击率" />
					<uint name="减少暴击率" />
					<uint name="增加最大生命" />
					<uint name="减少最大生命" />
					<uint name="增加物理穿透" />
					<uint name="减少物理穿透" />
					<uint name="增加法术穿透" />
					<uint name="减少法术穿透" />
					<uint name="护盾" />
					<uint name="增加技能印记" />
					<uint name="触发技能印记" />
					<uint name="免疫伤害" />
					<uint name="免疫控制" />
					<uint name="迅速复活" />
					<uint name="法球效果" />
					<uint name="驱散效果" />
					<uint name="物理吸血" />
					<uint name="法术吸血" />
					<uint name="伤害免疫率" />
					<uint name="获取视野效果" />
					<uint name="隐身效果" />
					<uint name="伤害输出率效果" />
					<uint name="韧性率效果" />
					<uint name="冷却缩减效果" />
					<uint name="抗暴率效果" />
					<uint name="条件伤害输出率效果" />
					<uint name="忽略RVO" />
					<uint name="生命条件效果" />
					<uint name="更换血条风格" />
					<uint name="目标伤害加成效果" />
					<uint name="击杀经验加成效果" />
					<uint name="增加经验效果" />
					<uint name="受控额外效果" />
					<uint name="免疫暴击效果" />
					<uint name="限制最大伤害效果" />
					<uint name="免疫致命伤害效果" />
					<uint name="改变技能" />
					<uint name="禁用技能" />
					<uint name="改变暴击伤害效果" />
					<uint name="回复能量值" />
					<uint name="改变护甲穿透率" />
					<uint name="改变法术穿透率" />
					<uint name="普攻带法术效果" />
					<uint name="增加法术强度率" />
					<uint name="法术强度增益效果" />
					<uint name="回复增益效果" />
					<uint name="脱离战斗提速效果" />
					<uint name="护盾免疫控制" />
					<uint name="护甲减伤率" />
					<uint name="生命低时额外伤害" />
					<uint name="致盲" />
					<uint name="移除技能效果" />
					<uint name="击杀金币加成效果" />
					<uint name="技能额外伤害效果" />
					<uint name="改变被动技能参数" />
					<uint name="改变狂意值" />
					<uint name="现形效果" />
					<uint name="增加能量值" />
					<uint name="增加怒气值" />
					<uint name="改变法球槽位" />
					<uint name="根据护甲值增加攻击力" />
					<uint name="格挡伤害" />
					<uint name="增大视野半径" />
					<uint name="单个技能吸血" />
					<uint name="反弹" />
					<uint name="伤害触发技能效果" />
					<uint name="减少复活时间" />
				</Enum>
			</Event>
		</Track>
		<Track trackName="TriggerParticle0" eventType="TriggerParticle" guid="08826d64-b2b1-4b0a-b1b9-129e22d02825" enabled="true" useRefParam="false" refParamName="" r="0.283" g="0.000" b="1.000" execOnForceStopped="false" execOnActionCompleted="false" stopAfterLastEvent="true">
			<Event eventName="TriggerParticle" time="0.000" length="3.000" isDuration="true">
				<TemplateObject name="targetId" objectName="self" id="0" isTemp="false" refParamName="" useRefParam="false" />
				<TemplateObject name="objectSpaceId" objectName="None" id="-1" isTemp="false" refParamName="" useRefParam="false" />
				<TemplateObject name="VirtualAttachBulletId" objectName="None" id="-1" isTemp="false" refParamName="" useRefParam="false" />
				<String name="resourceName" value="prefab_skill_effects/hero_skill_effects/132_makeboluo/13202/Makeboluo_spell03_attack_01_L" refParamName="" useRefParam="false" />
				<String name="bindPointName" value="Bip001 Prop1" refParamName="" useRefParam="false" />
				<Vector3 name="bindPosOffset" x="0.000" y="0.000" z="0.000" refParamName="" useRefParam="false" />
				<EulerAngle name="bindRotOffset" x="0.000" y="0.000" z="0.000" refParamName="" useRefParam="false" />
				<Vector3 name="scaling" x="1.000" y="1.000" z="1.000" refParamName="" useRefParam="false" />
				<bool name="bEnableOptCull" value="true" refParamName="" useRefParam="false" />
				<bool name="enableLayer" value="false" refParamName="" useRefParam="false" />
				<bool name="bBulletPos" value="false" refParamName="" useRefParam="false" />
				<bool name="bBulletDir" value="false" refParamName="" useRefParam="false" />
				<bool name="bBullerPosDir" value="false" refParamName="" useRefParam="false" />
				<int name="layer" value="0" refParamName="" useRefParam="false" />
				<bool name="enableTag" value="false" refParamName="" useRefParam="false" />
				<String name="tag" value="" refParamName="" useRefParam="false" />
				<bool name="applyActionSpeedToParticle" value="true" refParamName="" useRefParam="false" />
				<int name="extend" value="10" refParamName="" useRefParam="false" />
				<bool name="bOnlyFollowPos" value="false" refParamName="" useRefParam="false" />
				<bool name="bUseSkin" value="true" refParamName="" useRefParam="false" />
				<bool name="bUseSkinAdvance" value="true" refParamName="" useRefParam="false" />
				<int name="iDelayDisappearTime" value="0" refParamName="" useRefParam="false" />
				<int name="particleScaleGrow" value="0" refParamName="" useRefParam="false" />
			</Event>
		</Track>
		<Track trackName="TriggerParticle0" eventType="TriggerParticle" guid="0419f70e-7e70-479f-9734-7d78992c2559" enabled="true" useRefParam="false" refParamName="" r="0.867" g="0.000" b="1.000" execOnForceStopped="false" execOnActionCompleted="false" stopAfterLastEvent="true">
			<Event eventName="TriggerParticle" time="0.000" length="3.000" isDuration="true">
				<TemplateObject name="targetId" objectName="self" id="0" isTemp="false" refParamName="" useRefParam="false" />
				<TemplateObject name="objectSpaceId" objectName="None" id="-1" isTemp="false" refParamName="" useRefParam="false" />
				<TemplateObject name="VirtualAttachBulletId" objectName="None" id="-1" isTemp="false" refParamName="" useRefParam="false" />
				<String name="resourceName" value="prefab_skill_effects/hero_skill_effects/132_makeboluo/13202/Makeboluo_spell03_attack_01_R" refParamName="" useRefParam="false" />
				<String name="bindPointName" value="Bip001 Prop2" refParamName="" useRefParam="false" />
				<Vector3 name="bindPosOffset" x="0.000" y="0.000" z="0.000" refParamName="" useRefParam="false" />
				<EulerAngle name="bindRotOffset" x="0.000" y="0.000" z="0.000" refParamName="" useRefParam="false" />
				<Vector3 name="scaling" x="1.000" y="1.000" z="1.000" refParamName="" useRefParam="false" />
				<bool name="bEnableOptCull" value="true" refParamName="" useRefParam="false" />
				<bool name="enableLayer" value="false" refParamName="" useRefParam="false" />
				<bool name="bBulletPos" value="false" refParamName="" useRefParam="false" />
				<bool name="bBulletDir" value="false" refParamName="" useRefParam="false" />
				<bool name="bBullerPosDir" value="false" refParamName="" useRefParam="false" />
				<int name="layer" value="0" refParamName="" useRefParam="false" />
				<bool name="enableTag" value="false" refParamName="" useRefParam="false" />
				<String name="tag" value="" refParamName="" useRefParam="false" />
				<bool name="applyActionSpeedToParticle" value="true" refParamName="" useRefParam="false" />
				<int name="extend" value="10" refParamName="" useRefParam="false" />
				<bool name="bOnlyFollowPos" value="false" refParamName="" useRefParam="false" />
				<bool name="bUseSkin" value="true" refParamName="" useRefParam="false" />
				<bool name="bUseSkinAdvance" value="true" refParamName="" useRefParam="false" />
				<int name="iDelayDisappearTime" value="0" refParamName="" useRefParam="false" />
				<int name="particleScaleGrow" value="0" refParamName="" useRefParam="false" />
			</Event>
		</Track>
		<Track trackName="PlayHeroSoundTick0" eventType="PlayHeroSoundTick" guid="97c47ece-5072-40ac-8e08-9ab910b43aba" enabled="true" useRefParam="false" refParamName="" r="0.000" g="0.133" b="1.000" execOnForceStopped="false" execOnActionCompleted="true" stopAfterLastEvent="true">
			<Event eventName="PlayHeroSoundTick" time="0.000" isDuration="false">
				<TemplateObject name="targetId" objectName="self" id="0" isTemp="false" refParamName="" useRefParam="false" />
				<String name="eventName" value="Play_MaKeBoLuo_Skill_C_Stop" refParamName="" useRefParam="false" />
				<String name="eventName2D" value="" refParamName="" useRefParam="false" />
				<bool name="bPlayInvisible" value="false" refParamName="" useRefParam="false" />
			</Event>
		</Track>
	</Action>
</Project>
