<?xml version="1.0" encoding="utf-8"?>
<Project>
	<TemplateObjectList>
		<TemplateObject objectName="self" id="0" isTemp="false"/>
		<TemplateObject objectName="target" id="1" isTemp="false"/>
		<TemplateObject objectName="bullet" id="2" isTemp="true"/>
		<TemplateObject objectName="bullet1" id="3" isTemp="true"/>
	</TemplateObjectList>
	<RefParamList>
		<Vector3i name="targetdir" x="0" y="0" z="0" refParamName="" useRefParam="false"/>
	</RefParamList>
	<Action tag="" length="1.000" loop="false">
		<Track trackName="SpawnBulletDuration0" eventType="SpawnBulletDuration" guid="0decae32-ca47-4ff6-a0d8-241c12fd1e34" enabled="true" useRefParam="false" refParamName="" r="0.000" g="1.000" b="0.567" execOnForceStopped="false" execOnActionCompleted="false" stopAfterLastEvent="true">
			<Event eventName="SpawnBulletDuration" time="0.000" length="0.500" isDuration="true">
				<TemplateObject name="targetId" objectName="self" id="0" isTemp="false" refParamName="" useRefParam="false"/>
				<bool name="bSpecificActionName" value="false" refParamName="" useRefParam="false"/>
				<String name="ActionName" value="prefab_characters/prefab_hero/187_donghuangtaiyi/skill/p1b3" refParamName="" useRefParam="false"/>
				<Array name="transArray" refParamName="" useRefParam="false" type="Vector3i">
					<Vector3i x="0" y="0" z="0"/>
					<Vector3i x="1" y="0" z="0"/>
					<Vector3i x="2" y="0" z="0"/>
				</Array>
				<Array name="specificActionNameArray" refParamName="" useRefParam="false" type="String"/>
				<int name="spawnMax" value="3" refParamName="" useRefParam="false"/>
				<int name="spawnFreq" value="1000" refParamName="" useRefParam="false"/>
				<bool name="bShuffle" value="false" refParamName="" useRefParam="false"/>
				<bool name="bRandom" value="false" refParamName="" useRefParam="false"/>
				<bool name="bDeadRemove" value="true" refParamName="" useRefParam="false"/>
				<bool name="bExitBattleRemove" value="false" refParamName="" useRefParam="false"/>
				<bool name="bAgeImmeExcute" value="false" refParamName="" useRefParam="false"/>
				<bool name="bAgeEternal" value="true" refParamName="" useRefParam="false"/>
				<bool name="bDestroyedBySpecialBullet" value="false" refParamName="" useRefParam="false"/>
				<int name="bulletTypeId" value="5" refParamName="" useRefParam="false"/>
				<int name="bulletUpperLimit" value="3" refParamName="" useRefParam="false"/>
			</Event>
		</Track>
	</Action>
</Project>

