<?xml version="1.0" encoding="utf-8"?>
<Project>
	<TemplateObjectList>
		<TemplateObject objectName="self" id="0" isTemp="false"/>
		<TemplateObject objectName="target" id="1" isTemp="false"/>
	</TemplateObjectList>
	<RefParamList>
		<Vector3i name="_TargetDir" x="0" y="0" z="0" refParamName="" useRefParam="false"/>
		<Vector3i name="_TargetPos" x="0" y="0" z="0" refParamName="" useRefParam="false"/>
	</RefParamList>
	<Action tag="" length="1.000" loop="false">
		<Track trackName="ChangeAnimDuration0" eventType="ChangeAnimDuration" guid="203b4ab5-669f-4f59-b536-4e266d99c11c" enabled="true" refParamName="" useRefParam="false" r="1.000" g="0.150" b="0.000" execOnForceStopped="false" execOnActionCompleted="false" stopAfterLastEvent="true">
			<Event eventName="ChangeAnimDuration" time="0.000" length="1.000" isDuration="true">
				<TemplateObject name="targetId" objectName="self" id="0" isTemp="false" refParamName="" useRefParam="false"/>
				<String name="originalAnimName" value="Idle" refParamName="" useRefParam="false"/>
				<String name="changedAnimName" value="Idle2" refParamName="" useRefParam="false"/>
				<bool name="bOnlyRecover" value="false" refParamName="" useRefParam="false"/>
				<bool name="bDontChangeIfNotExist" value="false" refParamName="" useRefParam="false"/>
				<bool name="bReplaceSameChange" value="false" refParamName="" useRefParam="false"/>
				<bool name="bChangeBlendTime" value="false" refParamName="" useRefParam="false"/>
				<float name="fadeInBlendTime" value="0.150" refParamName="" useRefParam="false"/>
				<float name="fadeOutBlendTime" value="0.150" refParamName="" useRefParam="false"/>
				<bool name="bloopOverride" value="false" refParamName="" useRefParam="false"/>
				<bool name="bloop" value="false" refParamName="" useRefParam="false"/>
				<bool name="bChangeRunAnimBaseSpeed" value="false" refParamName="" useRefParam="false"/>
				<float name="runAnimBaseSpeed" value="1.000" refParamName="" useRefParam="false"/>
				<bool name="bImPlayAnim" value="true" refParamName="" useRefParam="false"/>
				<bool name="bChangeRunAnimation" value="false" refParamName="" useRefParam="false"/>
				<String name="runAnimName1" value="" refParamName="" useRefParam="false"/>
				<int name="startDegree1" value="0" refParamName="" useRefParam="false"/>
				<int name="endDegree1" value="0" refParamName="" useRefParam="false"/>
				<String name="runAnimName2" value="" refParamName="" useRefParam="false"/>
				<int name="startDegree2" value="0" refParamName="" useRefParam="false"/>
				<int name="endDegree2" value="0" refParamName="" useRefParam="false"/>
				<String name="runAnimName3" value="" refParamName="" useRefParam="false"/>
				<int name="startDegree3" value="0" refParamName="" useRefParam="false"/>
				<int name="endDegree3" value="0" refParamName="" useRefParam="false"/>
				<String name="runAnimName4" value="" refParamName="" useRefParam="false"/>
				<int name="startDegree4" value="0" refParamName="" useRefParam="false"/>
				<int name="endDegree4" value="0" refParamName="" useRefParam="false"/>
				<bool name="bUseDirectionalMove" value="false" refParamName="" useRefParam="false"/>
			</Event>
		</Track>
		<Track trackName="ChangeAnimDuration0" eventType="ChangeAnimDuration" guid="2ebe3ba0-ad2c-4fe4-8d82-faf77b7764a2" enabled="true" refParamName="" useRefParam="false" r="0.950" g="0.000" b="1.000" execOnForceStopped="false" execOnActionCompleted="false" stopAfterLastEvent="true">
			<Event eventName="ChangeAnimDuration" time="0.000" length="1.000" isDuration="true">
				<TemplateObject name="targetId" objectName="self" id="0" isTemp="false" refParamName="" useRefParam="false"/>
				<String name="originalAnimName" value="Run" refParamName="" useRefParam="false"/>
				<String name="changedAnimName" value="Run2" refParamName="" useRefParam="false"/>
				<bool name="bOnlyRecover" value="false" refParamName="" useRefParam="false"/>
				<bool name="bDontChangeIfNotExist" value="false" refParamName="" useRefParam="false"/>
				<bool name="bReplaceSameChange" value="false" refParamName="" useRefParam="false"/>
				<bool name="bChangeBlendTime" value="false" refParamName="" useRefParam="false"/>
				<float name="fadeInBlendTime" value="0.150" refParamName="" useRefParam="false"/>
				<float name="fadeOutBlendTime" value="0.150" refParamName="" useRefParam="false"/>
				<bool name="bloopOverride" value="false" refParamName="" useRefParam="false"/>
				<bool name="bloop" value="false" refParamName="" useRefParam="false"/>
				<bool name="bChangeRunAnimBaseSpeed" value="true" refParamName="" useRefParam="false"/>
				<float name="runAnimBaseSpeed" value="0.950" refParamName="" useRefParam="false"/>
				<bool name="bImPlayAnim" value="true" refParamName="" useRefParam="false"/>
				<bool name="bChangeRunAnimation" value="false" refParamName="" useRefParam="false"/>
				<String name="runAnimName1" value="" refParamName="" useRefParam="false"/>
				<int name="startDegree1" value="0" refParamName="" useRefParam="false"/>
				<int name="endDegree1" value="0" refParamName="" useRefParam="false"/>
				<String name="runAnimName2" value="" refParamName="" useRefParam="false"/>
				<int name="startDegree2" value="0" refParamName="" useRefParam="false"/>
				<int name="endDegree2" value="0" refParamName="" useRefParam="false"/>
				<String name="runAnimName3" value="" refParamName="" useRefParam="false"/>
				<int name="startDegree3" value="0" refParamName="" useRefParam="false"/>
				<int name="endDegree3" value="0" refParamName="" useRefParam="false"/>
				<String name="runAnimName4" value="" refParamName="" useRefParam="false"/>
				<int name="startDegree4" value="0" refParamName="" useRefParam="false"/>
				<int name="endDegree4" value="0" refParamName="" useRefParam="false"/>
				<bool name="bUseDirectionalMove" value="false" refParamName="" useRefParam="false"/>
			</Event>
		</Track>
		<Track trackName="CheckSkillCombineConditionDuration0" eventType="CheckSkillCombineConditionDuration" guid="ff31d094-7e35-4a9f-bfc1-333796b76572" enabled="true" refParamName="" useRefParam="false" r="0.000" g="1.000" b="0.833" execOnForceStopped="false" execOnActionCompleted="false" stopAfterLastEvent="true">
			<Event eventName="CheckSkillCombineConditionDuration" time="0.000" length="1.000" isDuration="true">
				<TemplateObject name="targetId" objectName="self" id="0" isTemp="false" refParamName="" useRefParam="false"/>
				<int name="skillCombineId" value="196950" refParamName="" useRefParam="false"/>
				<Enum name="checkOPType" value="3" refParamName="" useRefParam="false">
					<uint name="不比较"/>
					<uint name="小于"/>
					<uint name="小等于"/>
					<uint name="等于"/>
					<uint name="大于"/>
					<uint name="大等于"/>
				</Enum>
				<int name="skillCombineLevel" value="0" refParamName="" useRefParam="false"/>
				<TemplateObject name="skillCombineSrcId" objectName="None" id="-1" isTemp="false" refParamName="" useRefParam="false"/>
				<bool name="bCheckSkillMark" value="false" refParamName="" useRefParam="false"/>
			</Event>
		</Track>
		<Track trackName="RemoveBuffTick0" eventType="RemoveBuffTick" guid="38e523bb-c017-401a-ba50-b50bc49e8443" enabled="true" refParamName="" useRefParam="false" r="0.000" g="1.000" b="0.117" execOnForceStopped="false" execOnActionCompleted="false" stopAfterLastEvent="true">
			<Condition id="2" guid="ff31d094-7e35-4a9f-bfc1-333796b76572" status="true"/>
			<Event eventName="RemoveBuffTick" time="0.000" isDuration="false">
				<TemplateObject name="targetId" objectName="self" id="0" isTemp="false" refParamName="" useRefParam="false"/>
				<int name="buffId" value="196951" refParamName="" useRefParam="false"/>
				<int name="BuffLayer" value="0" refParamName="" useRefParam="false"/>
				<bool name="bAllControlBuff" value="false" refParamName="" useRefParam="false"/>
				<bool name="bAllNagativeBuff" value="false" refParamName="" useRefParam="false"/>
				<bool name="bAllPositiveBuff" value="false" refParamName="" useRefParam="false"/>
				<bool name="bDontRefreshBuffTime" value="false" refParamName="" useRefParam="false"/>
			</Event>
		</Track>
	</Action>
</Project>

