<?xml version="1.0" encoding="utf-8"?>
<Project>
	<TemplateObjectList>
		<TemplateObject objectName="self" id="0" isTemp="false"/>
		<TemplateObject objectName="target" id="1" isTemp="false"/>
	</TemplateObjectList>
	<RefParamList>
		<Vector3i name="_BulletDir" x="0" y="0" z="0" refParamName="" useRefParam="false"/>
		<Vector3i name="_TargetDir" x="0" y="0" z="0" refParamName="" useRefParam="false"/>
		<Vector3i name="_TargetPos" x="0" y="0" z="0" refParamName="" useRefParam="false"/>
	</RefParamList>
	<Action tag="" length="0.200" loop="false">
		<Track trackName="SkillFuncInstant0" eventType="SkillFuncInstant" guid="8d09eb2f-50ed-4358-a741-27ca7e1a94dd" enabled="false" refParamName="" useRefParam="false" r="1.000" g="0.000" b="0.667" execOnForceStopped="false" execOnActionCompleted="false" stopAfterLastEvent="true">
			<Event eventName="SkillFuncInstant" time="0.000" isDuration="false">
				<Enum name="SkillFuncType" value="0" refParamName="" useRefParam="false">
					<uint name="物理伤害"/>
					<uint name="法术伤害"/>
					<uint name="真实伤害"/>
					<uint name="回复生命值"/>
					<uint name="增加攻击速度"/>
					<uint name="减少攻击速度"/>
					<uint name="增加移动速度"/>
					<uint name="减少移动速度"/>
					<uint name="提高攻击力"/>
					<uint name="降低攻击力"/>
					<uint name="吸血"/>
				</Enum>
			</Event>
		</Track>
		<Track trackName="SkillFuncDuration0" eventType="SkillFuncDuration" guid="c9f1dcf8-2690-461d-8c40-33efe253afec" enabled="true" refParamName="" useRefParam="false" r="0.000" g="1.000" b="0.817" execOnForceStopped="false" execOnActionCompleted="false" stopAfterLastEvent="true">
			<Event eventName="SkillFuncDuration" time="-0.298" length="0.498" isDuration="true">
				<Enum name="SkillFuncType" value="0" refParamName="" useRefParam="false">
					<uint name="物理伤害"/>
					<uint name="法术伤害"/>
					<uint name="真实伤害"/>
					<uint name="回复生命值"/>
					<uint name="增加攻击速度"/>
					<uint name="减少攻击速度"/>
					<uint name="增加移动速度"/>
					<uint name="减少移动速度"/>
					<uint name="提高攻击力"/>
					<uint name="降低攻击力"/>
					<uint name="吸血"/>
					<uint name="增加护甲"/>
					<uint name="减少护甲"/>
					<uint name="增加抗性"/>
					<uint name="减少抗性"/>
					<uint name="免疫效果"/>
					<uint name="减少技能CD"/>
					<uint name="增加法术强度"/>
					<uint name="减少法术强度"/>
					<uint name="增加暴击率"/>
					<uint name="减少暴击率"/>
					<uint name="增加最大生命"/>
					<uint name="减少最大生命"/>
					<uint name="增加物理穿透"/>
					<uint name="减少物理穿透"/>
					<uint name="增加法术穿透"/>
					<uint name="减少法术穿透"/>
					<uint name="护盾"/>
					<uint name="增加技能印记"/>
					<uint name="触发技能印记"/>
					<uint name="免疫伤害"/>
					<uint name="免疫控制"/>
					<uint name="迅速复活"/>
					<uint name="法球效果"/>
					<uint name="驱散效果"/>
					<uint name="物理吸血"/>
					<uint name="法术吸血"/>
					<uint name="伤害免疫率"/>
					<uint name="获取视野效果"/>
					<uint name="隐身效果"/>
					<uint name="伤害输出率效果"/>
					<uint name="韧性率效果"/>
					<uint name="冷却缩减效果"/>
					<uint name="抗暴率效果"/>
					<uint name="条件伤害输出率效果"/>
					<uint name="忽略RVO"/>
					<uint name="生命条件效果"/>
					<uint name="更换血条风格"/>
					<uint name="目标伤害加成效果"/>
					<uint name="击杀经验加成效果"/>
					<uint name="增加经验效果"/>
					<uint name="受控额外效果"/>
					<uint name="免疫暴击效果"/>
					<uint name="限制最大伤害效果"/>
					<uint name="免疫致命伤害效果"/>
					<uint name="改变技能"/>
					<uint name="禁用技能"/>
					<uint name="改变暴击伤害效果"/>
					<uint name="回复能量值"/>
					<uint name="改变护甲穿透率"/>
					<uint name="改变法术穿透率"/>
					<uint name="普攻带法术效果"/>
					<uint name="增加法术强度率"/>
					<uint name="法术强度增益效果"/>
					<uint name="回复增益效果"/>
					<uint name="脱离战斗提速效果"/>
					<uint name="护盾免疫控制"/>
					<uint name="护甲减伤率"/>
					<uint name="生命低时额外伤害"/>
					<uint name="致盲"/>
					<uint name="移除技能效果"/>
					<uint name="击杀金币加成效果"/>
					<uint name="技能额外伤害效果"/>
					<uint name="改变被动技能参数"/>
					<uint name="改变狂意值"/>
					<uint name="现形效果"/>
					<uint name="增加能量值"/>
					<uint name="增加怒气值"/>
					<uint name="改变法球槽位"/>
					<uint name="根据护甲值增加攻击力"/>
					<uint name="格挡伤害"/>
					<uint name="增大视野半径"/>
					<uint name="单个技能吸血"/>
					<uint name="反弹"/>
					<uint name="伤害触发技能效果"/>
					<uint name="减少复活时间"/>
					<uint name="减少法术伤害"/>
					<uint name="免疫角色技能"/>
					<uint name="槽位伤害加成效果"/>
					<uint name="延长技能效果"/>
					<uint name="属性转换"/>
					<uint name="类型伤害加成效果"/>
					<uint name="增加最大法力值"/>
					<uint name="减少最大法力值"/>
					<uint name="改变训诫值"/>
					<uint name="改变锐气值"/>
					<uint name="共享免疫控制"/>
					<uint name="共享伤害"/>
					<uint name="反击普攻伤害"/>
					<uint name="伤害前调整受到伤害"/>
					<uint name="伤害前调整造成伤害"/>
					<uint name="背后攻击暴击"/>
					<uint name="暴击率转化暴击伤害"/>
					<uint name="槽位修改暴击效果"/>
					<uint name="增加金钱效果"/>
					<uint name="改变英雄生命时长"/>
					<uint name="离开攻击者一定范围后清除BUFF"/>
					<uint name="指定目标伤害加成"/>
					<uint name="除目标外免疫控制"/>
					<uint name="减速抵抗"/>
					<uint name="解除减速效果"/>
					<uint name="免疫死亡"/>
					<uint name="能量消耗削减"/>
					<uint name="增加足球能量"/>
					<uint name="特殊效果奉献"/>
					<uint name="增加自定义能量"/>
					<uint name="角色重生"/>
					<uint name="能量获取削减比例"/>
					<uint name="提高生命五回"/>
					<uint name="降低生命五回"/>
					<uint name="提高魔法五回"/>
					<uint name="降低魔法五回"/>
					<uint name="忽略防御效果"/>
					<uint name="属性互相增益效果"/>
					<uint name="主人属性转化给宠物"/>
					<uint name="恐惧效果"/>
					<uint name="限制单次伤害上下限效果"/>
					<uint name="免疫技能选中"/>
					<uint name="消耗法力值抵挡伤害"/>
					<uint name="溢出法力转化护盾"/>
					<uint name="增加自适应伤害"/>
					<uint name="链接伤害"/>
					<uint name="复活时间减少率"/>
					<uint name="额外护盾"/>
					<uint name="生命低时额外护盾"/>
					<uint name="额外治疗"/>
					<uint name="生命低时额外治疗"/>
					<uint name="装备属性万分比加成"/>
				</Enum>
				<bool name="bIsOverrideParamsFromXls" value="false" refParamName="" useRefParam="false"/>
				<int name="OverrideParam1" value="0" refParamName="" useRefParam="false"/>
				<int name="OverrideParam2" value="0" refParamName="" useRefParam="false"/>
				<int name="OverrideParam3" value="0" refParamName="" useRefParam="false"/>
				<int name="OverrideParam4" value="0" refParamName="" useRefParam="false"/>
				<int name="OverrideParam5" value="0" refParamName="" useRefParam="false"/>
			</Event>
		</Track>
		<Track trackName="CheckConditionDuration0" eventType="CheckConditionDuration" guid="a7e57ccd-6259-41e1-96b2-4df60e742aa0" enabled="true" refParamName="" useRefParam="false" r="0.233" g="1.000" b="0.000" execOnForceStopped="false" execOnActionCompleted="false" stopAfterLastEvent="true">
			<Event eventName="CheckConditionDuration" time="0.000" length="0.200" isDuration="true">
				<TrackObject name="trackId" id="-1" guid="00000000-0000-0000-0000-000000000000" refParamName="" useRefParam="false"/>
				<bool name="bHitTargetHero" value="false" refParamName="" useRefParam="false"/>
				<bool name="bTriggerBullet" value="false" refParamName="" useRefParam="false"/>
				<TemplateObject name="targetId" objectName="target" id="1" isTemp="false" refParamName="" useRefParam="false"/>
				<bool name="bActorDead" value="true" refParamName="" useRefParam="false"/>
				<bool name="bActorAlive" value="false" refParamName="" useRefParam="false"/>
				<bool name="bActorFlying" value="false" refParamName="" useRefParam="false"/>
				<bool name="bActorBeControled" value="false" refParamName="" useRefParam="false"/>
				<bool name="bActorSlowdown" value="false" refParamName="" useRefParam="false"/>
				<bool name="bActorInBattle" value="false" refParamName="" useRefParam="false"/>
				<bool name="bActorExitBattle" value="false" refParamName="" useRefParam="false"/>
				<bool name="bActorInAttack" value="false" refParamName="" useRefParam="false"/>
				<bool name="bActorExitAttack" value="false" refParamName="" useRefParam="false"/>
				<bool name="bActorImmuControl" value="false" refParamName="" useRefParam="false"/>
				<bool name="bActorNotImmuControl" value="false" refParamName="" useRefParam="false"/>
				<bool name="bActorLowestCoin" value="false" refParamName="" useRefParam="false"/>
				<int name="lowestCoinRank" value="1" refParamName="" useRefParam="false"/>
				<bool name="bActorLowestExp" value="false" refParamName="" useRefParam="false"/>
				<int name="lowestExpRank" value="1" refParamName="" useRefParam="false"/>
				<bool name="bCoinNumCheck" value="false" refParamName="" useRefParam="false"/>
				<Enum name="operatorMethod" value="0" refParamName="" useRefParam="false">
					<uint name="大于"/>
					<uint name="大于等于"/>
					<uint name="等于"/>
					<uint name="小于等于"/>
					<uint name="小于"/>
				</Enum>
				<int name="coinLimit" value="0" refParamName="" useRefParam="false"/>
				<bool name="bActorMoving" value="false" refParamName="" useRefParam="false"/>
			</Event>
		</Track>
		<Track trackName="击杀目标返还蓝耗&amp;二技能cd，延后为了让触发被动伤害死亡也算" eventType="HitTriggerTick" guid="f90f55b2-6a86-49e5-9c5c-758a312c3d82" enabled="true" refParamName="" useRefParam="false" r="1.000" g="0.000" b="0.500" execOnForceStopped="false" execOnActionCompleted="false" stopAfterLastEvent="true">
			<Condition id="2" guid="a7e57ccd-6259-41e1-96b2-4df60e742aa0" status="true"/>
			<Event eventName="HitTriggerTick" time="0.150" isDuration="false">
				<TemplateObject name="targetId" objectName="self" id="0" isTemp="false" refParamName="" useRefParam="false"/>
				<TemplateObject name="hitTargetId" objectName="target" id="1" isTemp="false" refParamName="" useRefParam="false"/>
				<bool name="bInheritRefParams" value="false" refParamName="" useRefParam="false"/>
				<bool name="bulletHit" value="false" refParamName="" useRefParam="false"/>
				<TemplateObject name="victimId" objectName="None" id="-1" isTemp="false" refParamName="" useRefParam="false"/>
				<bool name="lastHit" value="false" refParamName="" useRefParam="false"/>
				<bool name="bSkillCombineChoose" value="false" refParamName="" useRefParam="false"/>
				<int name="SelfSkillCombineID_1" value="529130" refParamName="" useRefParam="false"/>
				<int name="SelfSkillCombineID_2" value="5291404" refParamName="" useRefParam="false"/>
				<int name="SelfSkillCombineID_3" value="0" refParamName="" useRefParam="false"/>
				<int name="SelfSkillCombineID1Probability" value="0" refParamName="" useRefParam="false"/>
				<int name="SelfSkillCombineID2Probability" value="0" refParamName="" useRefParam="false"/>
				<int name="SelfSkillCombineID3Probability" value="0" refParamName="" useRefParam="false"/>
				<int name="TargetSkillCombine_1" value="0" refParamName="" useRefParam="false"/>
				<int name="TargetSkillCombine_2" value="0" refParamName="" useRefParam="false"/>
				<int name="TargetSkillCombine_3" value="0" refParamName="" useRefParam="false"/>
				<int name="TargetSkillCombineID1Probability" value="0" refParamName="" useRefParam="false"/>
				<int name="TargetSkillCombineID2Probability" value="0" refParamName="" useRefParam="false"/>
				<int name="TargetSkillCombineID3Probability" value="0" refParamName="" useRefParam="false"/>
				<bool name="bCheckSight" value="false" refParamName="" useRefParam="false"/>
				<bool name="bCheckSkillLevel" value="false" refParamName="" useRefParam="false"/>
				<Enum name="refSkillSlot" value="1" refParamName="" useRefParam="false">
					<uint name="普攻"/>
					<uint name="技能1"/>
					<uint name="技能2"/>
					<uint name="技能3"/>
					<uint name="技能4"/>
					<uint name="天赋技能"/>
					<uint name="回城"/>
					<uint name="饰品栏技能"/>
					<uint name=""/>
				</Enum>
				<int name="refSkillLevel" value="0" refParamName="" useRefParam="false"/>
				<Enum name="compareOPType" value="3" refParamName="" useRefParam="false">
					<uint name="不比较"/>
					<uint name="小于"/>
					<uint name="小等于"/>
					<uint name="等于"/>
					<uint name="大于"/>
					<uint name="大等于"/>
					<uint name=""/>
				</Enum>
				<TemplateObject name="triggerId" objectName="None" id="-1" isTemp="false" refParamName="" useRefParam="false"/>
				<bool name="bExtraBuff" value="false" refParamName="" useRefParam="false"/>
				<bool name="bOverrideParam" value="false" refParamName="" useRefParam="false"/>
				<int name="buffOverrideParam1" value="0" refParamName="" useRefParam="false"/>
				<int name="buffOverrideParam2" value="0" refParamName="" useRefParam="false"/>
				<int name="buffOverrideParam3" value="0" refParamName="" useRefParam="false"/>
				<int name="buffOverrideParam4" value="0" refParamName="" useRefParam="false"/>
				<int name="buffOverrideParam5" value="0" refParamName="" useRefParam="false"/>
				<TemplateObject name="paramTargetId" objectName="None" id="-1" isTemp="false" refParamName="" useRefParam="false"/>
				<TemplateObject name="paramTargetId2" objectName="None" id="-1" isTemp="false" refParamName="" useRefParam="false"/>
			</Event>
		</Track>
	</Action>
</Project>

