<?xml version="1.0" encoding="utf-8"?>
<Project>
	<TemplateObjectList>
		<TemplateObject objectName="self" id="0" isTemp="false"/>
		<TemplateObject objectName="target" id="1" isTemp="false"/>
	</TemplateObjectList>
	<RefParamList>
		<Vector3i name="_BulletDir" x="0" y="0" z="0" refParamName="" useRefParam="false"/>
	</RefParamList>
	<Action tag="" length="0.500" loop="false">
		<Track trackName="FilterTargetType0" eventType="FilterTargetType" guid="efdb163c-b41c-4d39-b682-49e0e463281a" enabled="true" useRefParam="false" refParamName="" r="1.000" g="0.000" b="0.717" execOnForceStopped="false" execOnActionCompleted="false" stopAfterLastEvent="true">
			<Event eventName="FilterTargetType" time="0.000" isDuration="false">
				<TemplateObject name="targetId" objectName="target" id="1" isTemp="false" refParamName="" useRefParam="false"/>
				<bool name="bFilterHero" value="true" refParamName="" useRefParam="false"/>
				<bool name="bFilterMonter" value="false" refParamName="" useRefParam="false"/>
				<bool name="bFilterBoss" value="true" refParamName="" useRefParam="false"/>
				<bool name="bFilterOrgan" value="true" refParamName="" useRefParam="false"/>
				<bool name="bFilterChest" value="false" refParamName="" useRefParam="false"/>
				<bool name="bFilterEye" value="false" refParamName="" useRefParam="false"/>
				<bool name="bFilterSameCamp" value="false" refParamName="" useRefParam="false"/>
				<bool name="bFilterDiffCamp" value="false" refParamName="" useRefParam="false"/>
				<bool name="bOnlySelf" value="false" refParamName="" useRefParam="false"/>
				<bool name="bOnlyHostHero" value="false" refParamName="" useRefParam="false"/>
				<bool name="bImmediateRevive" value="false" refParamName="" useRefParam="false"/>
			</Event>
		</Track>
		<Track trackName="SetBehaviourModeTick0" eventType="SetBehaviourModeTick" guid="53e062a5-ebd1-4b49-83fe-4b2026e48ae4" enabled="true" useRefParam="false" refParamName="" r="0.000" g="1.000" b="0.283" execOnForceStopped="false" execOnActionCompleted="false" stopAfterLastEvent="true">
			<Condition id="0" guid="efdb163c-b41c-4d39-b682-49e0e463281a" status="true"/>
			<Event eventName="SetBehaviourModeTick" time="0.000" isDuration="false">
				<TemplateObject name="targetId" objectName="target" id="1" isTemp="false" refParamName="" useRefParam="false"/>
				<bool name="stopMove" value="true" refParamName="" useRefParam="false"/>
				<bool name="clearMove" value="false" refParamName="" useRefParam="false"/>
				<bool name="stopCurSkill" value="true" refParamName="" useRefParam="false"/>
				<bool name="delayStopCurSkill" value="false" refParamName="" useRefParam="false"/>
				<bool name="deadControl" value="false" refParamName="" useRefParam="false"/>
			</Event>
		</Track>
		<Track trackName="TriggerParticleTick0" eventType="TriggerParticleTick" guid="a66c0c5d-659b-4258-b6f7-6630f5046041" enabled="true" useRefParam="false" refParamName="" r="0.000" g="1.000" b="0.117" execOnForceStopped="false" execOnActionCompleted="false" stopAfterLastEvent="true">
			<Event eventName="TriggerParticleTick" time="0.000" isDuration="false">
				<TemplateObject name="targetId" objectName="None" id="-1" isTemp="false" refParamName="" useRefParam="false"/>
				<TemplateObject name="objectSpaceId" objectName="target" id="1" isTemp="false" refParamName="" useRefParam="false"/>
				<TemplateObject name="VirtualAttachBulletId" objectName="None" id="-1" isTemp="false" refParamName="" useRefParam="false"/>
				<bool name="bUseAttachBulletShape" value="false" refParamName="" useRefParam="false"/>
				<String name="resourceName" value="prefab_skill_effects/hero_skill_effects/166_yasewang/16607/xiangyu_hurt02" refParamName="" useRefParam="false"/>
				<String name="resourceName2" value="" refParamName="" useRefParam="false"/>
				<String name="resourceName3" value="" refParamName="" useRefParam="false"/>
				<float name="lifeTime" value="0.600" refParamName="" useRefParam="false"/>
				<String name="bindPointName" value="" refParamName="" useRefParam="false"/>
				<Vector3 name="bindPosOffset" x="0.000" y="1.000" z="0.000" refParamName="" useRefParam="false"/>
				<EulerAngle name="bindRotOffset" x="0.000" y="0.000" z="0.000" refParamName="" useRefParam="false"/>
				<Vector3 name="scaling" x="1.000" y="1.000" z="1.000" refParamName="" useRefParam="false"/>
				<bool name="bEnableOptCull" value="true" refParamName="" useRefParam="false"/>
				<bool name="enableLayer" value="false" refParamName="" useRefParam="false"/>
				<bool name="bBulletPos" value="false" refParamName="" useRefParam="false"/>
				<bool name="bBulletDir" value="false" refParamName="" useRefParam="false"/>
				<bool name="bBullerPosDir" value="false" refParamName="" useRefParam="false"/>
				<int name="layer" value="0" refParamName="" useRefParam="false"/>
				<bool name="enableTag" value="false" refParamName="" useRefParam="false"/>
				<String name="tag" value="" refParamName="" useRefParam="false"/>
				<bool name="enableMaxLimit" value="false" refParamName="" useRefParam="false"/>
				<int name="MaxLimit" value="10" refParamName="" useRefParam="false"/>
				<int name="LimitType" value="-1" refParamName="" useRefParam="false"/>
				<bool name="applyActionSpeedToParticle" value="true" refParamName="" useRefParam="false"/>
				<int name="extend" value="10" refParamName="" useRefParam="false"/>
				<bool name="bUseSkinAdvance" value="false" refParamName="" useRefParam="false"/>
			</Event>
		</Track>
		<Track trackName="SkillFuncInstant0" eventType="SkillFuncInstant" guid="8d09eb2f-50ed-4358-a741-27ca7e1a94dd" enabled="true" useRefParam="false" refParamName="" r="1.000" g="0.000" b="0.667" execOnForceStopped="false" execOnActionCompleted="false" stopAfterLastEvent="true">
			<Event eventName="SkillFuncInstant" time="0.000" isDuration="false">
				<Enum name="SkillFuncType" value="0" refParamName="" useRefParam="false">
					<uint name="物理伤害"/>
					<uint name="法术伤害"/>
					<uint name="真实伤害"/>
					<uint name="回复生命值"/>
					<uint name="增加攻击速度"/>
					<uint name="减少攻击速度"/>
					<uint name="增加移动速度"/>
					<uint name="减少移动速度"/>
					<uint name="提高攻击力"/>
					<uint name="降低攻击力"/>
					<uint name="吸血"/>
				</Enum>
			</Event>
		</Track>
		<Track trackName="ForbidAbilityDuration12" eventType="ForbidAbilityDuration" guid="ae7adc4b-a73f-4229-a4f1-dd860c67f460" enabled="true" useRefParam="false" refParamName="" r="1.000" g="0.117" b="0.000" execOnForceStopped="false" execOnActionCompleted="false" stopAfterLastEvent="true">
			<Condition id="0" guid="efdb163c-b41c-4d39-b682-49e0e463281a" status="true"/>
			<Event eventName="ForbidAbilityDuration" time="0.000" length="0.500" isDuration="true">
				<TemplateObject name="attackerId" objectName="target" id="1" isTemp="false" refParamName="" useRefParam="false"/>
				<bool name="forbidMove" value="true" refParamName="" useRefParam="false"/>
				<bool name="forbidSkill" value="true" refParamName="" useRefParam="false"/>
				<bool name="forceForbidding" value="false" refParamName="" useRefParam="false"/>
				<bool name="forbidFilterSkill0" value="false" refParamName="" useRefParam="false"/>
				<bool name="forbidFilterSkill1" value="false" refParamName="" useRefParam="false"/>
				<bool name="forbidFilterSkill2" value="false" refParamName="" useRefParam="false"/>
				<bool name="forbidFilterSkill3" value="false" refParamName="" useRefParam="false"/>
				<bool name="forbidFilterSkill4" value="false" refParamName="" useRefParam="false"/>
				<bool name="forbidFilterSkill5" value="false" refParamName="" useRefParam="false"/>
				<bool name="forbidFilterSkill6" value="false" refParamName="" useRefParam="false"/>
				<bool name="forbidFilterSkill7" value="false" refParamName="" useRefParam="false"/>
				<bool name="forbidFilterSkill9" value="false" refParamName="" useRefParam="false"/>
				<bool name="forbidSkillAbort" value="true" refParamName="" useRefParam="false"/>
				<bool name="abortFilterSkill0" value="false" refParamName="" useRefParam="false"/>
				<bool name="abortFilterSkill1" value="false" refParamName="" useRefParam="false"/>
				<bool name="abortFilterSkill2" value="false" refParamName="" useRefParam="false"/>
				<bool name="abortFilterSkill3" value="false" refParamName="" useRefParam="false"/>
				<bool name="abortFilterSkill4" value="false" refParamName="" useRefParam="false"/>
				<bool name="abortFilterSkill5" value="false" refParamName="" useRefParam="false"/>
				<bool name="abortFilterSkill7" value="false" refParamName="" useRefParam="false"/>
				<bool name="abortFilterSkill9" value="false" refParamName="" useRefParam="false"/>
				<bool name="abortFilterMove" value="false" refParamName="" useRefParam="false"/>
				<bool name="abortFilterDamage" value="false" refParamName="" useRefParam="false"/>
				<bool name="forbidMoveRotate" value="true" refParamName="" useRefParam="false"/>
				<bool name="delaySkillAbort" value="false" refParamName="" useRefParam="false"/>
				<bool name="ImmuneNegative" value="false" refParamName="" useRefParam="false"/>
				<bool name="ImmuneControl" value="false" refParamName="" useRefParam="false"/>
				<bool name="forbidEnergyRecover" value="false" refParamName="" useRefParam="false"/>
				<bool name="forbidMoveButRotate" value="false" refParamName="" useRefParam="false"/>
				<int name="rotateSpeed" value="720" refParamName="" useRefParam="false"/>
				<bool name="forbidCollisionDetection" value="false" refParamName="" useRefParam="false"/>
			</Event>
		</Track>
		<Track trackName="PlayAnimDuration0" eventType="PlayAnimDuration" guid="4abae504-d3a2-4370-a0a8-255fde6c84d5" enabled="true" useRefParam="false" refParamName="" r="0.000" g="1.000" b="0.700" execOnForceStopped="false" execOnActionCompleted="false" stopAfterLastEvent="true">
			<Condition id="0" guid="efdb163c-b41c-4d39-b682-49e0e463281a" status="true"/>
			<Event eventName="PlayAnimDuration" time="0.000" length="0.500" isDuration="true">
				<TemplateObject name="targetId" objectName="target" id="1" isTemp="false" refParamName="" useRefParam="false"/>
				<String name="clipName" value="Hit" refParamName="" useRefParam="false"/>
				<int name="layer" value="1" refParamName="" useRefParam="false"/>
				<bool name="bLoop" value="false" refParamName="" useRefParam="false"/>
				<float name="crossFadeTime" value="0.100" refParamName="" useRefParam="false"/>
				<float name="startTime" value="0.000" refParamName="" useRefParam="false"/>
				<float name="endTime" value="99999.000" refParamName="" useRefParam="false"/>
				<bool name="applyActionSpeed" value="false" refParamName="" useRefParam="false"/>
				<bool name="playNextAnim" value="false" refParamName="" useRefParam="false"/>
				<bool name="alwaysAnimate" value="false" refParamName="" useRefParam="false"/>
			</Event>
		</Track>
		<Track trackName="PlayHeroSoundTick21" eventType="PlayHeroSoundTick" guid="57189551-093c-4009-a7e1-61aca0329b8e" enabled="true" useRefParam="false" refParamName="" r="1.000" g="0.000" b="0.117" execOnForceStopped="false" execOnActionCompleted="false" stopAfterLastEvent="true">
			<Event eventName="PlayHeroSoundTick" time="0.000" isDuration="false">
				<TemplateObject name="targetId" objectName="target" id="1" isTemp="false" refParamName="" useRefParam="false"/>
				<TemplateObject name="sourceId" objectName="self" id="0" isTemp="false" refParamName="" useRefParam="false"/>
				<String name="eventName" value="Play_YaSe_Mortos_Skill_A_Hit" refParamName="" useRefParam="false"/>
				<bool name="use1P3PSwitch" value="true" refParamName="" useRefParam="false"/>
				<bool name="useSkinSwitch" value="true" refParamName="" useRefParam="false"/>
			</Event>
		</Track>
	</Action>
</Project>

