<?xml version="1.0" encoding="utf-8"?>
<Project>
	<TemplateObjectList>
		<TemplateObject objectName="self" id="0" isTemp="false"/>
		<TemplateObject objectName="target" id="1" isTemp="false"/>
	</TemplateObjectList>
	<RefParamList/>
	<Action tag="" length="1.500" loop="false">
		<Track trackName="SkillFuncDuration0" eventType="SkillFuncDuration" guid="af1e6b8d-5b6a-4e6a-997c-2dbd15f1f37a" enabled="true" useRefParam="false" refParamName="" r="0.000" g="0.550" b="1.000" execOnForceStopped="false" execOnActionCompleted="false" stopAfterLastEvent="true">
			<Event eventName="SkillFuncDuration" time="0.000" length="2.000" isDuration="true">
				<Enum name="SkillFuncType" value="6" refParamName="" useRefParam="false">
					<uint name="物理伤害"/>
					<uint name="法术伤害"/>
					<uint name="真实伤害"/>
					<uint name="回复生命值"/>
					<uint name="增加攻击速度"/>
					<uint name="减少攻击速度"/>
					<uint name="增加移动速度"/>
					<uint name="减少移动速度"/>
					<uint name="提高攻击力"/>
					<uint name="降低攻击力"/>
					<uint name="吸血"/>
					<uint name="增加护甲"/>
					<uint name="减少护甲"/>
					<uint name="增加抗性"/>
					<uint name="减少抗性"/>
					<uint name="免疫效果"/>
					<uint name="减少技能CD"/>
					<uint name="增加法术强度"/>
					<uint name="减少法术强度"/>
					<uint name="增加暴击率"/>
					<uint name="减少暴击率"/>
					<uint name="增加最大生命"/>
					<uint name="减少最大生命"/>
					<uint name="增加物理穿透"/>
					<uint name="减少物理穿透"/>
					<uint name="增加法术穿透"/>
					<uint name="减少法术穿透"/>
					<uint name="护盾"/>
					<uint name="增加技能印记"/>
					<uint name="触发技能印记"/>
					<uint name="免疫伤害"/>
					<uint name="免疫控制"/>
					<uint name="迅速复活"/>
					<uint name="法球效果"/>
					<uint name="驱散效果"/>
					<uint name="物理吸血"/>
					<uint name="法术吸血"/>
					<uint name="伤害免疫率"/>
					<uint name="获取视野效果"/>
					<uint name="隐身效果"/>
					<uint name="伤害输出率效果"/>
					<uint name="韧性率效果"/>
					<uint name="冷却缩减效果"/>
					<uint name="抗暴率效果"/>
					<uint name="条件伤害输出率效果"/>
					<uint name="忽略RVO"/>
					<uint name="生命条件效果"/>
					<uint name="更换血条风格"/>
					<uint name="目标伤害加成效果"/>
					<uint name="击杀经验加成效果"/>
					<uint name="增加经验效果"/>
					<uint name="受控额外效果"/>
					<uint name="免疫暴击效果"/>
					<uint name="限制最大伤害效果"/>
					<uint name="免疫致命伤害效果"/>
					<uint name="改变技能"/>
					<uint name="禁用技能"/>
					<uint name="改变暴击伤害效果"/>
					<uint name="回复能量值"/>
					<uint name="改变护甲穿透率"/>
					<uint name="改变法术穿透率"/>
					<uint name="普攻带法术效果"/>
					<uint name="增加法术强度率"/>
					<uint name="法术强度增益效果"/>
					<uint name="回复增益效果"/>
					<uint name="脱离战斗提速效果"/>
					<uint name="护盾免疫控制"/>
					<uint name="护甲减伤率"/>
					<uint name="生命低时额外伤害"/>
					<uint name="致盲"/>
					<uint name="移除技能效果"/>
					<uint name="击杀金币加成效果"/>
					<uint name="技能额外伤害效果"/>
				</Enum>
			</Event>
		</Track>
		<Track trackName="ChangeAnimDuration0" eventType="ChangeAnimDuration" guid="8443731e-fff4-4290-aa50-c1fcb7a52064" enabled="true" useRefParam="false" refParamName="" r="0.500" g="0.000" b="1.000" execOnForceStopped="false" execOnActionCompleted="false" stopAfterLastEvent="true">
			<Event eventName="ChangeAnimDuration" time="0.000" length="2.000" isDuration="true">
				<TemplateObject name="targetId" objectName="self" id="0" isTemp="false" refParamName="" useRefParam="false"/>
				<String name="originalAnimName" value="Run" refParamName="" useRefParam="false"/>
				<String name="changedAnimName" value="Run2" refParamName="" useRefParam="false"/>
				<bool name="bOnlyRecover" value="false" refParamName="" useRefParam="false"/>
				<bool name="bDontChangeIfNotExist" value="false" refParamName="" useRefParam="false"/>
				<bool name="bReplaceSameChange" value="false" refParamName="" useRefParam="false"/>
				<bool name="bChangeBlendTime" value="false" refParamName="" useRefParam="false"/>
				<float name="fadeInBlendTime" value="0.150" refParamName="" useRefParam="false"/>
				<float name="fadeOutBlendTime" value="0.150" refParamName="" useRefParam="false"/>
				<bool name="bChangeRunAnimBaseSpeed" value="true" refParamName="" useRefParam="false"/>
				<float name="runAnimBaseSpeed" value="1.400" refParamName="" useRefParam="false"/>
				<bool name="bImPlayAnim" value="true" refParamName="" useRefParam="false"/>
			</Event>
		</Track>
		<Track trackName="ChangeAnimDuration0" eventType="ChangeAnimDuration" guid="640ca2fb-df26-479a-9c4d-df97f8e0074a" enabled="false" useRefParam="false" refParamName="" r="0.250" g="0.000" b="1.000" execOnForceStopped="false" execOnActionCompleted="false" stopAfterLastEvent="true">
			<Event eventName="ChangeAnimDuration" time="0.000" length="2.000" isDuration="true">
				<TemplateObject name="targetId" objectName="self" id="0" isTemp="false" refParamName="" useRefParam="false"/>
				<String name="originalAnimName" value="Idle" refParamName="" useRefParam="false"/>
				<String name="changedAnimName" value="Idle2" refParamName="" useRefParam="false"/>
				<bool name="bOnlyRecover" value="false" refParamName="" useRefParam="false"/>
				<bool name="bDontChangeIfNotExist" value="false" refParamName="" useRefParam="false"/>
				<bool name="bReplaceSameChange" value="false" refParamName="" useRefParam="false"/>
				<bool name="bChangeBlendTime" value="false" refParamName="" useRefParam="false"/>
				<float name="fadeInBlendTime" value="0.150" refParamName="" useRefParam="false"/>
				<float name="fadeOutBlendTime" value="0.150" refParamName="" useRefParam="false"/>
				<bool name="bChangeRunAnimBaseSpeed" value="false" refParamName="" useRefParam="false"/>
				<float name="runAnimBaseSpeed" value="1.000" refParamName="" useRefParam="false"/>
				<bool name="bImPlayAnim" value="true" refParamName="" useRefParam="false"/>
			</Event>
		</Track>
		<Track trackName="TriggerParticle2" eventType="TriggerParticle" guid="88d21331-3dc3-41ca-9dd8-58dfef2d415e" enabled="true" useRefParam="false" refParamName="" r="0.000" g="0.833" b="1.000" execOnForceStopped="false" execOnActionCompleted="false" stopAfterLastEvent="true">
			<Event eventName="TriggerParticle" time="0.000" length="2.000" isDuration="true">
				<TemplateObject name="targetId" objectName="self" id="0" isTemp="false" refParamName="" useRefParam="false"/>
				<TemplateObject name="objectSpaceId" objectName="None" id="-1" isTemp="false" refParamName="" useRefParam="false"/>
				<bool name="bUseAttachBulletShape" value="false" refParamName="" useRefParam="false"/>
				<String name="resourceName" value="prefab_skill_effects/hero_skill_effects/170_liubei/17002/moren_spell01_buff01" refParamName="" useRefParam="false"/>
				<String name="resourceName2" value="" refParamName="" useRefParam="false"/>
				<String name="resourceName3" value="" refParamName="" useRefParam="false"/>
				<bool name="dontShowIfNoBindPoint" value="false" refParamName="" useRefParam="false"/>
				<String name="bindPointName" value="" refParamName="" useRefParam="false"/>
				<bool name="bBindPosOffsetInWorldSpace" value="false" refParamName="" useRefParam="false"/>
				<Vector3 name="bindPosOffset" x="0.000" y="0.000" z="0.000" refParamName="" useRefParam="false"/>
				<EulerAngle name="bindRotOffset" x="0.000" y="0.000" z="0.000" refParamName="" useRefParam="false"/>
				<Vector3 name="scaling" x="1.000" y="1.000" z="1.000" refParamName="" useRefParam="false"/>
				<bool name="bEnableOptCull" value="true" refParamName="" useRefParam="false"/>
				<TemplateObject name="lookTargetId" objectName="None" id="-1" isTemp="false" refParamName="" useRefParam="false"/>
				<bool name="bAlwaysLookTarget" value="false" refParamName="" useRefParam="false"/>
				<bool name="bLookTarget" value="false" refParamName="" useRefParam="false"/>
				<bool name="bBulletPos" value="false" refParamName="" useRefParam="false"/>
				<bool name="bBulletDir" value="false" refParamName="" useRefParam="false"/>
				<bool name="bBullerPosDir" value="false" refParamName="" useRefParam="false"/>
				<bool name="enableTag" value="false" refParamName="" useRefParam="false"/>
				<bool name="applyActionSpeedToParticle" value="true" refParamName="" useRefParam="false"/>
				<bool name="bUse3DUICamera" value="false" refParamName="" useRefParam="false"/>
				<bool name="bUseTargetSkinEffect" value="false" refParamName="" useRefParam="false"/>
				<bool name="bReplayWhenChangeMesh" value="false" refParamName="" useRefParam="false"/>
				<bool name="bTrailProtect" value="false" refParamName="" useRefParam="false"/>
				<bool name="bKeepChildScale" value="false" refParamName="" useRefParam="false"/>
				<int name="extend" value="10" refParamName="" useRefParam="false"/>
				<bool name="bOnlyFollowPos" value="false" refParamName="" useRefParam="false"/>
				<int name="iDelayDisappearTime" value="0" refParamName="" useRefParam="false"/>
				<int name="particleScaleGrow" value="0" refParamName="" useRefParam="false"/>
				<bool name="enableMaxFollowTime" value="false" refParamName="" useRefParam="false"/>
				<float name="maxFollowTime" value="0.000" refParamName="" useRefParam="false"/>
				<bool name="bindOnHUD" value="false" refParamName="" useRefParam="false"/>
				<bool name="bHideWhenDead" value="true" refParamName="" useRefParam="false"/>
				<bool name="bRotateFollowCamera" value="false" refParamName="" useRefParam="false"/>
			</Event>
		</Track>
	</Action>
</Project>

