<?xml version="1.0" encoding="utf-8"?>
<Project>
	<TemplateObjectList>
		<TemplateObject objectName="self" id="0" isTemp="false"/>
		<TemplateObject objectName="target" id="1" isTemp="false"/>
		<TemplateObject objectName="bullet" id="2" isTemp="true"/>
		<TemplateObject objectName="bullet1" id="3" isTemp="true"/>
	</TemplateObjectList>
	<RefParamList>
		<String name="BulletPrefab" value="" refParamName="" useRefParam="false"/>
		<Vector3i name="_TargetPos" x="0" y="0" z="0" refParamName="" useRefParam="false"/>
		<Vector3i name="_TargetDir" x="0" y="0" z="0" refParamName="" useRefParam="false"/>
	</RefParamList>
	<Action tag="" length="1.000" loop="false">
		<Track trackName="SpawnObjectDuration0" eventType="SpawnObjectDuration" guid="f3537a64-a6cf-4de9-9dc7-7fba56330fef" enabled="true" useRefParam="false" refParamName="" r="0.133" g="0.000" b="1.000" execOnForceStopped="false" execOnActionCompleted="false" stopAfterLastEvent="true">
			<Event eventName="SpawnObjectDuration" time="0.000" length="1.000" isDuration="true">
				<TemplateObject name="targetId" objectName="bullet" id="2" isTemp="true" refParamName="" useRefParam="false"/>
				<TemplateObject name="parentId" objectName="None" id="-1" isTemp="false" refParamName="" useRefParam="false"/>
				<TemplateObject name="objectSpaceId" objectName="target" id="1" isTemp="false" refParamName="" useRefParam="false"/>
				<bool name="bTargetPosition" value="false" refParamName="" useRefParam="false"/>
				<Vector3i name="targetPosition" x="0" y="0" z="0" refParamName="" useRefParam="false"/>
				<String name="prefabName" value="prefab_characters/commonempty" refParamName="" useRefParam="false"/>
				<bool name="recreateExisting" value="true" refParamName="" useRefParam="false"/>
				<bool name="superTranslation" value="false" refParamName="" useRefParam="false"/>
				<bool name="modifyTranslation" value="true" refParamName="" useRefParam="false"/>
				<Vector3i name="translation" x="0" y="1000" z="0" refParamName="" useRefParam="false"/>
				<bool name="modifyDirection" value="true" refParamName="" useRefParam="false"/>
				<Vector3i name="direction" x="0" y="0" z="0" refParamName="" useRefParam="false"/>
				<bool name="modifyScaling" value="true" refParamName="" useRefParam="false"/>
				<Vector3 name="scaling" x="1.000" y="1.000" z="1.000" refParamName="" useRefParam="false"/>
				<bool name="enableLayer" value="false" refParamName="" useRefParam="false"/>
				<int name="layer" value="0" refParamName="" useRefParam="false"/>
				<bool name="enableTag" value="false" refParamName="" useRefParam="false"/>
				<String name="tag" value="" refParamName="" useRefParam="false"/>
				<bool name="applyActionSpeedToAnimation" value="true" refParamName="" useRefParam="false"/>
				<bool name="applyActionSpeedToParticle" value="true" refParamName="" useRefParam="false"/>
				<int name="sightRadius" value="0" refParamName="" useRefParam="false"/>
				<bool name="bUseSkinAdvance" value="false" refParamName="" useRefParam="false"/>
				<bool name="bUseSkin" value="false" refParamName="" useRefParam="false"/>
				<bool name="bEyeObj" value="false" refParamName="" useRefParam="false"/>
				<int name="EyeLifeTime" value="0" refParamName="" useRefParam="false"/>
				<int name="InitRandPassSkillRule" value="0" refParamName="" useRefParam="false"/>
				<int name="EyeCfgIdByMonster" value="0" refParamName="" useRefParam="false"/>
			</Event>
		</Track>
		<Track trackName="SetCollisionTick4" eventType="SetCollisionTick" guid="2150e23c-49e9-4e75-bab4-b87130d12295" enabled="true" useRefParam="false" refParamName="" r="1.000" g="0.133" b="0.000" execOnForceStopped="false" execOnActionCompleted="false" stopAfterLastEvent="true">
			<Event eventName="SetCollisionTick" time="0.000" isDuration="false">
				<TemplateObject name="targetId" objectName="bullet" id="2" isTemp="false" refParamName="" useRefParam="false"/>
				<Enum name="type" value="1" refParamName="" useRefParam="false">
					<uint name="BOX"/>
					<uint name="SPHERE"/>
				</Enum>
				<Vector3i name="Pos" x="0" y="0" z="0" refParamName="" useRefParam="false"/>
				<Vector3i name="Size" x="1500" y="8000" z="1500" refParamName="" useRefParam="false"/>
				<int name="Radius" value="3000" refParamName="" useRefParam="false"/>
			</Event>
		</Track>
		<Track trackName="HitTriggerDuration1" eventType="HitTriggerDuration" guid="2c37e2d8-3dac-4ed3-8fd9-4c5865c48dd5" enabled="true" useRefParam="false" refParamName="" r="0.000" g="1.000" b="0.467" execOnForceStopped="false" execOnActionCompleted="false" stopAfterLastEvent="true">
			<Event eventName="HitTriggerDuration" time="0.000" length="0.500" isDuration="true">
				<TemplateObject name="triggerId" objectName="bullet" id="2" isTemp="false" refParamName="" useRefParam="false"/>
				<TemplateObject name="attackerId" objectName="self" id="0" isTemp="false" refParamName="" useRefParam="false"/>
				<int name="triggerInterval" value="1000" refParamName="" useRefParam="false"/>
				<int name="TriggerActorInterval" value="1000" refParamName="" useRefParam="false"/>
				<bool name="bFilterEnemy" value="false" refParamName="" useRefParam="false"/>
				<bool name="bFilterFriend" value="true" refParamName="" useRefParam="false"/>
				<bool name="bFilterHero" value="false" refParamName="" useRefParam="false"/>
				<bool name="bFileterMonter" value="false" refParamName="" useRefParam="false"/>
				<bool name="bFileterOrgan" value="false" refParamName="" useRefParam="false"/>
				<bool name="bFilterEye" value="true" refParamName="" useRefParam="false"/>
				<bool name="bFilterMyself" value="true" refParamName="" useRefParam="false"/>
				<bool name="bFilterDead" value="true" refParamName="" useRefParam="false"/>
				<int name="TriggerActorCount" value="32" refParamName="" useRefParam="false"/>
				<int name="CollideMaxCount" value="1" refParamName="" useRefParam="false"/>
				<bool name="bEdgeCheck" value="false" refParamName="" useRefParam="false"/>
				<bool name="bExtraBuff" value="false" refParamName="" useRefParam="false"/>
				<int name="SelfSkillCombineID_1" value="0" refParamName="" useRefParam="false"/>
				<int name="SelfSkillCombineID_2" value="0" refParamName="" useRefParam="false"/>
				<int name="SelfSkillCombineID_3" value="0" refParamName="" useRefParam="false"/>
				<int name="TargetSkillCombine_1" value="173130" refParamName="" useRefParam="false"/>
				<int name="TargetSkillCombine_2" value="0" refParamName="" useRefParam="false"/>
				<int name="TargetSkillCombine_3" value="0" refParamName="" useRefParam="false"/>
				<bool name="bTriggerBullet" value="false" refParamName="" useRefParam="false"/>
				<String name="BulletActionName" value="" refParamName="" useRefParam="false"/>
				<bool name="bUseTriggerObj" value="true" refParamName="" useRefParam="false"/>
				<bool name="bCheckSight" value="false" refParamName="" useRefParam="false"/>
				<bool name="bTriggerMode" value="false" refParamName="" useRefParam="false"/>
			</Event>
		</Track>
	</Action>
</Project>

