<?xml version="1.0" encoding="utf-8"?>
<Project>
	<TemplateObjectList>
		<TemplateObject objectName="self" id="0" isTemp="false" />
		<TemplateObject objectName="target" id="1" isTemp="false" />
		<TemplateObject objectName="monster" id="2" isTemp="false" />
		<TemplateObject objectName="bullet" id="3" isTemp="true" />
		<TemplateObject objectName="bullet0" id="4" isTemp="true" />
	</TemplateObjectList>
	<RefParamList>
		<Vector3i name="_BulletDir" x="0" y="0" z="0" refParamName="" useRefParam="false" />
	</RefParamList>
	<Action tag="" length="0.200" loop="false">
		<Track trackName="HitTriggerTick0" eventType="HitTriggerTick" guid="1649a4ee-df71-4a14-b3fd-66ed12a7cfbd" enabled="true" useRefParam="false" refParamName="" r="0.000" g="1.000" b="0.933" execOnForceStopped="false" execOnActionCompleted="false" stopAfterLastEvent="true">
			<Event eventName="HitTriggerTick" time="0.000" isDuration="false">
				<TemplateObject name="targetId" objectName="self" id="0" isTemp="false" refParamName="" useRefParam="false" />
				<TemplateObject name="objId" objectName="None" id="-1" isTemp="false" refParamName="" useRefParam="false" />
				<TemplateObject name="triggerId" objectName="None" id="-1" isTemp="false" refParamName="" useRefParam="false" />
				<bool name="bulletHit" value="false" refParamName="" useRefParam="false" />
				<TemplateObject name="victimId" objectName="None" id="-1" isTemp="false" refParamName="" useRefParam="false" />
				<bool name="lastHit" value="false" refParamName="" useRefParam="false" />
				<bool name="bSkillCombineChoose" value="false" refParamName="" useRefParam="false" />
				<int name="SelfSkillCombineID_1" value="196960" refParamName="" useRefParam="false" />
				<int name="SelfSkillCombineID_2" value="0" refParamName="" useRefParam="false" />
				<int name="SelfSkillCombineID_3" value="0" refParamName="" useRefParam="false" />
				<int name="TargetSkillCombine_1" value="0" refParamName="" useRefParam="false" />
				<int name="TargetSkillCombine_2" value="0" refParamName="" useRefParam="false" />
				<int name="TargetSkillCombine_3" value="0" refParamName="" useRefParam="false" />
				<bool name="bCheckSight" value="false" refParamName="" useRefParam="false" />
				<bool name="bFindTargetByRotateBodyBullet" value="false" refParamName="" useRefParam="false" />
			</Event>
		</Track>
	</Action>
</Project>
