<?xml version="1.0" encoding="utf-8"?>
<Project>
	<TemplateObjectList>
		<TemplateObject objectName="self" id="0" isTemp="false"/>
		<TemplateObject objectName="target" id="1" isTemp="false"/>
		<TemplateObject objectName="bullet" id="2" isTemp="true"/>
		<TemplateObject objectName="bullet2" id="3" isTemp="true"/>
	</TemplateObjectList>
	<RefParamList>
		<Vector3i name="_BulletDir" x="0" y="0" z="0" refParamName="" useRefParam="false"/>
		<Vector3i name="_TargetDir" x="0" y="0" z="0" refParamName="" useRefParam="false"/>
		<Vector3i name="_TargetPos" x="0" y="0" z="0" refParamName="" useRefParam="false"/>
	</RefParamList>
	<Action tag="" length="0.600" loop="false">
		<Track trackName="CameraShakeDuration0" eventType="CameraShakeDuration" guid="20c9a92f-6c8b-4320-bec5-eb48f5e4b418" enabled="true" refParamName="" useRefParam="false" r="0.000" g="1.000" b="0.667" execOnForceStopped="false" execOnActionCompleted="false" stopAfterLastEvent="true">
			<Event eventName="CameraShakeDuration" time="0.000" length="0.600" isDuration="true">
				<bool name="useMainCamera" value="true" refParamName="" useRefParam="false"/>
				<TemplateObject name="targetId" objectName="None" id="-1" isTemp="false" refParamName="" useRefParam="false"/>
				<Vector3 name="shakeRange" x="0.200" y="0.400" z="0.200" refParamName="" useRefParam="false"/>
				<bool name="filter_self" value="true" refParamName="" useRefParam="false"/>
				<bool name="filter_target" value="false" refParamName="" useRefParam="false"/>
				<bool name="filter_enemy" value="false" refParamName="" useRefParam="false"/>
				<bool name="filter_allies" value="false" refParamName="" useRefParam="false"/>
				<bool name="useAccumOffset" value="false" refParamName="" useRefParam="false"/>
				<bool name="cosDecay" value="false" refParamName="" useRefParam="false"/>
				<float name="cosDecayFactor" value="1.000" refParamName="" useRefParam="false"/>
				<bool name="canBeCover" value="false" refParamName="" useRefParam="false"/>
				<int name="frameRate" value="30" refParamName="" useRefParam="false"/>
				<bool name="bApplyToLocalSpace" value="false" refParamName="" useRefParam="false"/>
				<TemplateObject name="objectSpace" objectName="None" id="-1" isTemp="false" refParamName="" useRefParam="false"/>
				<bool name="bUseMoveSeq" value="false" refParamName="" useRefParam="false"/>
				<String name="moveSeq" value="" refParamName="" useRefParam="false"/>
				<bool name="bUseLerp" value="true" refParamName="" useRefParam="false"/>
				<bool name="bUseCustomCurveMode" value="true" refParamName="" useRefParam="false"/>
				<String name="curvesPath" value="Prefab_Skill_Assets/CameraShakeCurves/nor04" refParamName="" useRefParam="false"/>
			</Event>
		</Track>
	</Action>
</Project>

