<?xml version="1.0" encoding="utf-8"?>
<Project>
	<TemplateObjectList>
		<TemplateObject objectName="self" id="0" isTemp="false"/>
		<TemplateObject objectName="target" id="1" isTemp="false"/>
		<TemplateObject objectName="bullet" id="2" isTemp="true"/>
	</TemplateObjectList>
	<RefParamList>
		<Vector3i name="_TargetDir" x="0" y="0" z="0" refParamName="" useRefParam="false"/>
	</RefParamList>
	<Action tag="" length="1.200" loop="false">
		<Track trackName="SetBehaviourModeTick4" eventType="SetBehaviourModeTick" guid="cb2d7ff1-962e-4814-b9cd-1116d6359a3c" enabled="true" useRefParam="false" refParamName="" r="0.000" g="0.683" b="1.000" execOnForceStopped="false" execOnActionCompleted="false" stopAfterLastEvent="true">
			<Event eventName="SetBehaviourModeTick" time="0.000" isDuration="false">
				<TemplateObject name="targetId" objectName="self" id="0" isTemp="false" refParamName="" useRefParam="false"/>
				<bool name="stopMove" value="true" refParamName="" useRefParam="false"/>
				<bool name="clearMove" value="false" refParamName="" useRefParam="false"/>
				<bool name="stopCurSkill" value="false" refParamName="" useRefParam="false"/>
				<bool name="delayStopCurSkill" value="false" refParamName="" useRefParam="false"/>
				<bool name="deadControl" value="false" refParamName="" useRefParam="false"/>
				<Enum name="eAbortLevel" value="0" refParamName="" useRefParam="false">
					<uint name="不打断"/>
					<uint name="延迟打断"/>
					<uint name="强制打断"/>
				</Enum>
				<bool name="interuptAutoAttack" value="false" refParamName="" useRefParam="false"/>
			</Event>
		</Track>
		<Track trackName="SetAttackDirDuration0" eventType="SetAttackDirDuration" guid="f5a8fa3e-60d4-4dad-8e1c-80ff8503046b" enabled="true" useRefParam="false" refParamName="" r="1.000" g="0.000" b="0.917" execOnForceStopped="false" execOnActionCompleted="false" stopAfterLastEvent="true">
			<Event eventName="SetAttackDirDuration" time="0.000" length="0.066" isDuration="true">
				<TemplateObject name="attackerId" objectName="self" id="0" isTemp="false" refParamName="" useRefParam="false"/>
				<bool name="bForceRotate" value="false" refParamName="" useRefParam="false"/>
				<bool name="bImmediateRotate" value="true" refParamName="" useRefParam="false"/>
			</Event>
		</Track>
		<Track trackName="ForbidAbilityDuration2" eventType="ForbidAbilityDuration" guid="fc0e2e94-f3a6-4b0a-9827-8273ccea9616" enabled="true" useRefParam="false" refParamName="" r="0.000" g="1.000" b="0.317" execOnForceStopped="false" execOnActionCompleted="false" stopAfterLastEvent="true">
			<Event eventName="ForbidAbilityDuration" time="0.000" length="0.400" isDuration="true">
				<TemplateObject name="attackerId" objectName="self" id="0" isTemp="false" refParamName="" useRefParam="false"/>
				<bool name="forbidMove" value="true" refParamName="" useRefParam="false"/>
				<bool name="forbidSkill" value="false" refParamName="" useRefParam="false"/>
				<bool name="forceForbidding" value="false" refParamName="" useRefParam="false"/>
				<bool name="forbidSkillAndHideBtn" value="false" refParamName="" useRefParam="false"/>
				<bool name="forbidFilterSkill0" value="false" refParamName="" useRefParam="false"/>
				<bool name="forbidFilterSkill1" value="false" refParamName="" useRefParam="false"/>
				<bool name="forbidFilterSkill2" value="false" refParamName="" useRefParam="false"/>
				<bool name="forbidFilterSkill3" value="false" refParamName="" useRefParam="false"/>
				<bool name="forbidFilterSkill4" value="false" refParamName="" useRefParam="false"/>
				<bool name="forbidFilterSkill5" value="false" refParamName="" useRefParam="false"/>
				<bool name="forbidFilterSkill6" value="false" refParamName="" useRefParam="false"/>
				<bool name="forbidFilterSkill7" value="false" refParamName="" useRefParam="false"/>
				<bool name="forbidFilterSkill9" value="false" refParamName="" useRefParam="false"/>
				<bool name="forbidFilterSummonerSkill" value="false" refParamName="" useRefParam="false"/>
				<bool name="forbidFilterMapSkill" value="false" refParamName="" useRefParam="false"/>
				<bool name="forbidFilterEquipActiveSkill" value="false" refParamName="" useRefParam="false"/>
				<bool name="forbidFilterActiveSkill" value="false" refParamName="" useRefParam="false"/>
				<bool name="forbidSkillAbort" value="true" refParamName="" useRefParam="false"/>
				<bool name="abortFilterSkill0" value="false" refParamName="" useRefParam="false"/>
				<bool name="abortFilterSkill1" value="false" refParamName="" useRefParam="false"/>
				<bool name="abortFilterSkill2" value="false" refParamName="" useRefParam="false"/>
				<bool name="abortFilterSkill3" value="false" refParamName="" useRefParam="false"/>
				<bool name="abortFilterSkill4" value="false" refParamName="" useRefParam="false"/>
				<bool name="abortFilterSkill5" value="false" refParamName="" useRefParam="false"/>
				<bool name="abortFilterSkill7" value="false" refParamName="" useRefParam="false"/>
				<bool name="abortFilterSkill9" value="false" refParamName="" useRefParam="false"/>
				<bool name="abortFilterMove" value="false" refParamName="" useRefParam="false"/>
				<bool name="abortFilterDamage" value="false" refParamName="" useRefParam="false"/>
				<bool name="forbidMoveRotate" value="false" refParamName="" useRefParam="false"/>
				<bool name="delaySkillAbort" value="true" refParamName="" useRefParam="false"/>
				<Enum name="protectAbortLevel" value="0" refParamName="" useRefParam="false">
					<uint name="不保护"/>
					<uint name="保护延迟打断"/>
					<uint name="保护强制打断"/>
				</Enum>
				<bool name="ImmuneNegative" value="false" refParamName="" useRefParam="false"/>
				<bool name="ImmuneControl" value="false" refParamName="" useRefParam="false"/>
				<bool name="forbidEnergyRecover" value="false" refParamName="" useRefParam="false"/>
				<bool name="MoveIgnoreObstructArea" value="false" refParamName="" useRefParam="false"/>
				<bool name="forbidCollisionDetection" value="false" refParamName="" useRefParam="false"/>
				<bool name="ImmuneSkillSelect" value="false" refParamName="" useRefParam="false"/>
				<bool name="bReplaceHPBarImmuneSelect" value="false" refParamName="" useRefParam="false"/>
				<bool name="forbidCallBoss" value="false" refParamName="" useRefParam="false"/>
				<bool name="forbidExtraBtnSlot1" value="false" refParamName="" useRefParam="false"/>
			</Event>
		</Track>
		<Track trackName="SkillInputCacheDuration0" eventType="SkillInputCacheDuration" guid="70f6e72d-653b-44a8-a8c9-50ec9a2402b9" enabled="true" useRefParam="false" refParamName="" r="0.000" g="0.967" b="1.000" execOnForceStopped="false" execOnActionCompleted="false" stopAfterLastEvent="true">
			<Event eventName="SkillInputCacheDuration" time="0.000" length="0.400" isDuration="true">
				<TemplateObject name="targetId" objectName="self" id="0" isTemp="false" refParamName="" useRefParam="false"/>
				<bool name="cacheSkill" value="true" refParamName="" useRefParam="false"/>
				<bool name="bCacheSkillReCalcLock" value="false" refParamName="" useRefParam="false"/>
				<bool name="cacheMove" value="false" refParamName="" useRefParam="false"/>
				<bool name="clearCacheMoveWhenEntering" value="false" refParamName="" useRefParam="false"/>
				<bool name="clearCacheMoveWhenLeaving" value="false" refParamName="" useRefParam="false"/>
			</Event>
		</Track>
		<Track trackName="SkillInputCacheDuration2" eventType="SkillInputCacheDuration" guid="096ef1d2-38fc-4cea-85a6-443268c55c27" enabled="true" useRefParam="false" refParamName="" r="1.000" g="0.650" b="0.000" execOnForceStopped="false" execOnActionCompleted="false" stopAfterLastEvent="true">
			<Event eventName="SkillInputCacheDuration" time="0.200" length="0.200" isDuration="true">
				<TemplateObject name="targetId" objectName="self" id="0" isTemp="false" refParamName="" useRefParam="false"/>
				<bool name="cacheSkill" value="false" refParamName="" useRefParam="false"/>
				<bool name="bCacheSkillReCalcLock" value="false" refParamName="" useRefParam="false"/>
				<bool name="cacheMove" value="true" refParamName="" useRefParam="false"/>
				<bool name="clearCacheMoveWhenEntering" value="false" refParamName="" useRefParam="false"/>
				<bool name="clearCacheMoveWhenLeaving" value="false" refParamName="" useRefParam="false"/>
			</Event>
		</Track>
		<Track trackName="PlayAnimDuration0" eventType="PlayAnimDuration" guid="aea0a916-e3f8-4524-b464-307e531ce3ae" enabled="true" useRefParam="false" refParamName="" r="0.000" g="1.000" b="0.750" execOnForceStopped="false" execOnActionCompleted="false" stopAfterLastEvent="true">
			<Event eventName="PlayAnimDuration" time="0.000" length="1.200" isDuration="true">
				<TemplateObject name="targetId" objectName="self" id="0" isTemp="false" refParamName="" useRefParam="false"/>
				<String name="clipName" value="Spell2" refParamName="" useRefParam="false"/>
				<bool name="bDontReplaceSameAnim" value="false" refParamName="" useRefParam="false"/>
				<int name="layer" value="1" refParamName="" useRefParam="false"/>
				<int name="subLayer" value="0" refParamName="" useRefParam="false"/>
				<int name="animatorOverrideLayer" value="-1" refParamName="" useRefParam="false"/>
				<bool name="bLoop" value="false" refParamName="" useRefParam="false"/>
				<float name="crossFadeTime" value="0.100" refParamName="" useRefParam="false"/>
				<bool name="bUseFadeOutTime" value="true" refParamName="" useRefParam="false"/>
				<float name="fadeOutTime" value="0.200" refParamName="" useRefParam="false"/>
				<float name="startTime" value="0.000" refParamName="" useRefParam="false"/>
				<float name="endTime" value="99999.000" refParamName="" useRefParam="false"/>
				<bool name="applyActionSpeed" value="false" refParamName="" useRefParam="false"/>
				<bool name="alwaysAnimate" value="false" refParamName="" useRefParam="false"/>
				<bool name="bKeepOldSpeed" value="false" refParamName="" useRefParam="false"/>
				<bool name="bCanNotBeCulled" value="false" refParamName="" useRefParam="false"/>
				<String name="beginClipName" value="" refParamName="" useRefParam="false"/>
				<bool name="bPlayBeginClipName" value="false" refParamName="" useRefParam="false"/>
				<String name="endClipName" value="" refParamName="" useRefParam="false"/>
				<bool name="bPlayEndClipName" value="false" refParamName="" useRefParam="false"/>
			</Event>
		</Track>
		<Track trackName="SpawnBulletTick0" eventType="SpawnBulletTick" guid="f8a77eda-1069-4a51-b12c-3fce9d5be4d9" enabled="false" useRefParam="false" refParamName="" r="0.433" g="1.000" b="0.000" execOnForceStopped="false" execOnActionCompleted="false" stopAfterLastEvent="true">
			<Event eventName="SpawnBulletTick" time="0.200" isDuration="false">
				<TemplateObject name="targetId" objectName="self" id="0" isTemp="false" refParamName="" useRefParam="false"/>
				<TemplateObject name="targetPosActorId" objectName="None" id="-1" isTemp="true" refParamName="" useRefParam="false"/>
				<TemplateObject name="referenceObjectId" objectName="None" id="-1" isTemp="false" refParamName="" useRefParam="false"/>
				<String name="ActionName" value="prefab_characters/prefab_hero/519_Annette/skill/S2B1" refParamName="" useRefParam="false"/>
				<String name="SpecialActionName" value="" refParamName="" useRefParam="false"/>
				<bool name="bDeadRemove" value="false" refParamName="" useRefParam="false"/>
				<bool name="bImmeExcute" value="true" refParamName="" useRefParam="false"/>
				<bool name="bAgeEternal" value="false" refParamName="" useRefParam="false"/>
				<int name="bulletTypeId" value="0" refParamName="" useRefParam="false"/>
				<int name="bulletUpperLimit" value="0" refParamName="" useRefParam="false"/>
				<bool name="bSpawnBounceBullet" value="false" refParamName="" useRefParam="false"/>
				<Enum name="bulletSkillType" value="0" refParamName="" useRefParam="false">
					<uint name="默认类型_0"/>
					<uint name="允许特殊打断_1"/>
				</Enum>
				<bool name="bAbort" value="false" refParamName="" useRefParam="false"/>
			</Event>
		</Track>
		<Track trackName="HitTriggerTick0" eventType="HitTriggerTick" guid="756d2426-cc80-4744-acad-2075abe96490" enabled="true" useRefParam="false" refParamName="" r="0.167" g="1.000" b="0.000" execOnForceStopped="false" execOnActionCompleted="false" stopAfterLastEvent="true">
			<Event eventName="HitTriggerTick" time="0.200" isDuration="false">
				<TemplateObject name="targetId" objectName="self" id="0" isTemp="false" refParamName="" useRefParam="false"/>
				<TemplateObject name="hitTargetId" objectName="None" id="-1" isTemp="false" refParamName="" useRefParam="false"/>
				<bool name="bulletHit" value="false" refParamName="" useRefParam="false"/>
				<TemplateObject name="victimId" objectName="None" id="-1" isTemp="false" refParamName="" useRefParam="false"/>
				<bool name="lastHit" value="false" refParamName="" useRefParam="false"/>
				<bool name="bSkillCombineChoose" value="false" refParamName="" useRefParam="false"/>
				<int name="SelfSkillCombineID_1" value="519214" refParamName="" useRefParam="false"/>
				<int name="SelfSkillCombineID_2" value="0" refParamName="" useRefParam="false"/>
				<int name="SelfSkillCombineID_3" value="0" refParamName="" useRefParam="false"/>
				<int name="SelfSkillCombineID1Probability" value="0" refParamName="" useRefParam="false"/>
				<int name="SelfSkillCombineID2Probability" value="0" refParamName="" useRefParam="false"/>
				<int name="SelfSkillCombineID3Probability" value="0" refParamName="" useRefParam="false"/>
				<int name="TargetSkillCombine_1" value="0" refParamName="" useRefParam="false"/>
				<int name="TargetSkillCombine_2" value="0" refParamName="" useRefParam="false"/>
				<int name="TargetSkillCombine_3" value="0" refParamName="" useRefParam="false"/>
				<int name="TargetSkillCombineID1Probability" value="0" refParamName="" useRefParam="false"/>
				<int name="TargetSkillCombineID2Probability" value="0" refParamName="" useRefParam="false"/>
				<int name="TargetSkillCombineID3Probability" value="0" refParamName="" useRefParam="false"/>
				<bool name="bCheckSight" value="false" refParamName="" useRefParam="false"/>
				<bool name="bCheckSkillLevel" value="false" refParamName="" useRefParam="false"/>
				<Enum name="refSkillSlot" value="1" refParamName="" useRefParam="false">
					<uint name="普攻"/>
					<uint name="技能1"/>
					<uint name="技能2"/>
					<uint name="技能3"/>
					<uint name="技能4"/>
					<uint name="天赋技能"/>
					<uint name="回城"/>
					<uint name="饰品栏技能"/>
					<uint name=""/>
				</Enum>
				<int name="refSkillLevel" value="0" refParamName="" useRefParam="false"/>
				<Enum name="compareOPType" value="3" refParamName="" useRefParam="false">
					<uint name="不比较"/>
					<uint name="小于"/>
					<uint name="小等于"/>
					<uint name="等于"/>
					<uint name="大于"/>
					<uint name="大等于"/>
					<uint name=""/>
				</Enum>
				<TemplateObject name="triggerId" objectName="None" id="-1" isTemp="false" refParamName="" useRefParam="false"/>
				<bool name="bExtraBuff" value="false" refParamName="" useRefParam="false"/>
				<bool name="bOverrideParam" value="false" refParamName="" useRefParam="false"/>
				<int name="buffOverrideParam1" value="0" refParamName="" useRefParam="false"/>
				<int name="buffOverrideParam2" value="0" refParamName="" useRefParam="false"/>
				<int name="buffOverrideParam3" value="0" refParamName="" useRefParam="false"/>
				<int name="buffOverrideParam4" value="0" refParamName="" useRefParam="false"/>
				<int name="buffOverrideParam5" value="0" refParamName="" useRefParam="false"/>
				<TemplateObject name="paramTargetId" objectName="None" id="-1" isTemp="false" refParamName="" useRefParam="false"/>
				<TemplateObject name="paramTargetId2" objectName="None" id="-1" isTemp="false" refParamName="" useRefParam="false"/>
			</Event>
		</Track>
		<Track trackName="MoveActorDuration0" eventType="MoveActorDuration" guid="ec15b8d0-60c4-4c04-9bf8-8427b7d23310" enabled="false" useRefParam="false" refParamName="" r="0.000" g="1.000" b="0.833" execOnForceStopped="false" execOnActionCompleted="false" stopAfterLastEvent="true">
			<Event eventName="MoveActorDuration" time="0.200" length="0.250" isDuration="true">
				<Enum name="moveType" value="2" refParamName="" useRefParam="false">
					<uint name="指定目标"/>
					<uint name="指定位置"/>
					<uint name="指定朝向"/>
				</Enum>
				<TemplateObject name="actorId" objectName="self" id="0" isTemp="false" refParamName="" useRefParam="false"/>
				<bool name="bUseSkillDir" value="false" refParamName="" useRefParam="false"/>
				<Vector3i name="specifiedDirection" x="0" y="0" z="0" refParamName="" useRefParam="false"/>
				<bool name="bUseRevertDir" value="false" refParamName="" useRefParam="false"/>
				<TemplateObject name="destId" objectName="None" id="-1" isTemp="false" refParamName="" useRefParam="false"/>
				<bool name="bMoveToRealTimePosition" value="false" refParamName="" useRefParam="false"/>
				<TemplateObject name="forceLookAtTarget" objectName="None" id="-1" isTemp="false" refParamName="" useRefParam="false"/>
				<int name="distanceOffset" value="0" refParamName="" useRefParam="false"/>
				<bool name="bFollow" value="false" refParamName="" useRefParam="false"/>
				<int name="moveDistance" value="-3000" refParamName="" useRefParam="false"/>
				<int name="minMoveDistance" value="0" refParamName="" useRefParam="false"/>
				<int name="moveSpeed" value="-20000" refParamName="" useRefParam="false"/>
				<bool name="bAdjustSpeed" value="false" refParamName="" useRefParam="false"/>
				<int name="acceleration" value="55000" refParamName="" useRefParam="false"/>
				<bool name="bSameMovetime" value="false" refParamName="" useRefParam="false"/>
				<Vector3i name="destPos" x="0" y="0" z="0" refParamName="" useRefParam="false"/>
				<bool name="bCurBulletDir" value="false" refParamName="" useRefParam="false"/>
				<bool name="enableRotate" value="true" refParamName="" useRefParam="false"/>
				<int name="rotationTime" value="0" refParamName="" useRefParam="false"/>
				<int name="RandomRange" value="0" refParamName="" useRefParam="false"/>
				<bool name="bIsTeleport2NearstValidPoint" value="false" refParamName="" useRefParam="false"/>
				<int name="checkStepDistance" value="250" refParamName="" useRefParam="false"/>
				<int name="checkIterCount" value="10" refParamName="" useRefParam="false"/>
				<bool name="teleport" value="false" refParamName="" useRefParam="false"/>
				<bool name="IgnoreCollision" value="false" refParamName="" useRefParam="false"/>
				<bool name="bForceIgnoreCollision" value="false" refParamName="" useRefParam="false"/>
				<bool name="bRecordPosition" value="false" refParamName="" useRefParam="false"/>
				<bool name="bUseRecordPosition" value="false" refParamName="" useRefParam="false"/>
				<bool name="bUseSpwanObjRecordPosition" value="false" refParamName="" useRefParam="false"/>
				<bool name="bForbidMoveFollowing" value="false" refParamName="" useRefParam="false"/>
				<bool name="bIgnoreAreaLimit" value="false" refParamName="" useRefParam="false"/>
				<bool name="bStayInCurrentPosWhenStop" value="false" refParamName="" useRefParam="false"/>
				<bool name="bImmediateRotate" value="false" refParamName="" useRefParam="false"/>
				<bool name="bUseWithPickFly" value="false" refParamName="" useRefParam="false"/>
				<String name="OutFinalPos" value="" refParamName="" useRefParam="false"/>
				<Enum name="checkType" value="0" refParamName="" useRefParam="false">
					<uint name="移动正常结束"/>
					<uint name="触碰阻挡"/>
					<uint name="结束（包含以上两种情况）"/>
				</Enum>
				<int name="collisionCheckDistanceOffset" value="0" refParamName="" useRefParam="false"/>
				<int name="collisionCheckWidth" value="0" refParamName="" useRefParam="false"/>
				<bool name="bInteruptOtherMove" value="true" refParamName="" useRefParam="false"/>
				<bool name="bProtectInteruptedByOtherMove" value="false" refParamName="" useRefParam="false"/>
			</Event>
		</Track>
		<Track trackName="SkillCDTriggerTick0" eventType="SkillCDTriggerTick" guid="1ce8b07d-105a-45c3-b70b-a9e0232653fb" enabled="true" useRefParam="false" refParamName="" r="1.000" g="0.000" b="0.250" execOnForceStopped="false" execOnActionCompleted="false" stopAfterLastEvent="true">
			<Event eventName="SkillCDTriggerTick" time="0.000" isDuration="false">
				<TemplateObject name="targetId" objectName="self" id="0" isTemp="false" refParamName="" useRefParam="false"/>
				<bool name="useSlotType" value="false" refParamName="" useRefParam="false"/>
				<Enum name="slotType" value="0" refParamName="" useRefParam="false">
					<uint name="普通"/>
					<uint name="技能1"/>
					<uint name="技能2"/>
					<uint name="技能3"/>
					<uint name="技能4"/>
				</Enum>
				<int name="overrideCDValue" value="0" refParamName="" useRefParam="false"/>
			</Event>
		</Track>
		<Track trackName="SkillUseCacheTick0" eventType="SkillUseCacheTick" guid="ce3f8cd0-1dba-431d-a723-90c4bab2e9b4" enabled="true" useRefParam="false" refParamName="" r="0.033" g="0.000" b="1.000" execOnForceStopped="false" execOnActionCompleted="false" stopAfterLastEvent="true">
			<Event eventName="SkillUseCacheTick" time="0.400" isDuration="false">
				<TemplateObject name="targetId" objectName="self" id="0" isTemp="false" refParamName="" useRefParam="false"/>
				<bool name="excuteMoveCmd" value="false" refParamName="" useRefParam="false"/>
				<bool name="immediaRotate" value="false" refParamName="" useRefParam="false"/>
			</Event>
		</Track>
		<Track trackName="TriggerParticleTick0" eventType="TriggerParticleTick" guid="72b8dcb7-2881-47fb-baa9-7575f3117032" enabled="true" useRefParam="false" refParamName="" r="0.467" g="0.000" b="1.000" execOnForceStopped="false" execOnActionCompleted="false" stopAfterLastEvent="true">
			<Event eventName="TriggerParticleTick" time="0.130" isDuration="false">
				<TemplateObject name="targetId" objectName="None" id="-1" isTemp="false" refParamName="" useRefParam="false"/>
				<TemplateObject name="objectSpaceId" objectName="self" id="0" isTemp="false" refParamName="" useRefParam="false"/>
				<bool name="bDonotAttackToMesh" value="false" refParamName="" useRefParam="false"/>
				<String name="parentResourceName" value="" refParamName="" useRefParam="false"/>
				<String name="resourceName" value="prefab_skill_effects/hero_skill_effects/519_annette/51904/519_Annette_spell02_attack" refParamName="" useRefParam="false"/>
				<String name="resourceName2" value="" refParamName="" useRefParam="false"/>
				<String name="resourceName3" value="" refParamName="" useRefParam="false"/>
				<float name="lifeTime" value="3.000" refParamName="" useRefParam="false"/>
				<String name="bindPointName" value="" refParamName="" useRefParam="false"/>
				<bool name="dontShowIfNoBindPoint" value="false" refParamName="" useRefParam="false"/>
				<Vector3 name="bindPosOffset" x="0.000" y="0.000" z="0.000" refParamName="" useRefParam="false"/>
				<EulerAngle name="bindRotOffset" x="0.000" y="0.000" z="0.000" refParamName="" useRefParam="false"/>
				<Vector3 name="scaling" x="1.000" y="1.000" z="1.000" refParamName="" useRefParam="false"/>
				<bool name="bUseRealScaling" value="false" refParamName="" useRefParam="false"/>
				<bool name="bEnableOptCull" value="true" refParamName="" useRefParam="false"/>
				<bool name="bBulletPos" value="false" refParamName="" useRefParam="false"/>
				<bool name="bBulletDir" value="false" refParamName="" useRefParam="false"/>
				<TemplateObject name="lookTargetId" objectName="None" id="-1" isTemp="false" refParamName="" useRefParam="false"/>
				<bool name="bBullerPosDir" value="false" refParamName="" useRefParam="false"/>
				<bool name="applyActionSpeedToAnimation" value="false" refParamName="" useRefParam="false"/>
				<bool name="bUseHeroLocalForward" value="false" refParamName="" useRefParam="false"/>
				<bool name="applyActionSpeedToParticle" value="true" refParamName="" useRefParam="false"/>
				<int name="extend" value="10" refParamName="" useRefParam="false"/>
				<bool name="bOnlyFollowPos" value="false" refParamName="" useRefParam="false"/>
				<bool name="bRotateFollowCamera" value="false" refParamName="" useRefParam="false"/>
				<bool name="bRandomRotation" value="false" refParamName="" useRefParam="false"/>
				<EulerAngle name="randRotBegin" x="0.000" y="0.000" z="0.000" refParamName="" useRefParam="false"/>
				<EulerAngle name="randRotEnd" x="0.000" y="0.000" z="0.000" refParamName="" useRefParam="false"/>
				<int name="particleScaleGrow" value="0" refParamName="" useRefParam="false"/>
				<bool name="bUseTargetSkinEffect" value="false" refParamName="" useRefParam="false"/>
				<Enum name="ReplacementUsage" value="0" refParamName="" useRefParam="false">
					<uint name="无"/>
					<uint name="回城特效"/>
					<uint name="击杀特效"/>
					<uint name="泉水加速特效"/>
				</Enum>
				<Enum name="ReplacementSubUsage" value="0" refParamName="" useRefParam="false">
					<uint name="无"/>
					<uint name="回城落地特效"/>
				</Enum>
				<bool name="bNoDynamicLod" value="false" refParamName="" useRefParam="false"/>
				<bool name="bMeshResouce" value="false" refParamName="" useRefParam="false"/>
				<bool name="bAllowEmptyEffect" value="false" refParamName="" useRefParam="false"/>
			</Event>
		</Track>
		<Track trackName="PlayHeroSoundTick4" eventType="PlayHeroSoundTick" guid="75b130a6-8570-46fc-b98b-7bbf667d38a9" enabled="true" useRefParam="false" refParamName="" r="1.000" g="0.567" b="0.000" execOnForceStopped="false" execOnActionCompleted="false" stopAfterLastEvent="true">
			<Event eventName="PlayHeroSoundTick" time="0.000" isDuration="false">
				<TemplateObject name="targetId" objectName="self" id="0" isTemp="false" refParamName="" useRefParam="false"/>
				<TemplateObject name="sourceId" objectName="self" id="0" isTemp="false" refParamName="" useRefParam="false"/>
				<String name="eventName" value="Play_519_Annette_Skill_B" refParamName="" useRefParam="false"/>
				<bool name="use1P3PSwitch" value="true" refParamName="" useRefParam="false"/>
				<bool name="useSkinSwitch" value="true" refParamName="" useRefParam="false"/>
				<Array name="extraSkinId" refParamName="" useRefParam="false" type="uint"/>
			</Event>
		</Track>
		<Track trackName="PlayHeroSoundTick3" eventType="PlayHeroSoundTick" guid="3569a274-883c-4dbb-aaea-c7012c484d06" enabled="true" useRefParam="false" refParamName="" r="0.400" g="0.000" b="1.000" execOnForceStopped="false" execOnActionCompleted="false" stopAfterLastEvent="true">
			<Event eventName="PlayHeroSoundTick" time="0.000" isDuration="false">
				<TemplateObject name="targetId" objectName="self" id="0" isTemp="false" refParamName="" useRefParam="false"/>
				<TemplateObject name="sourceId" objectName="self" id="0" isTemp="false" refParamName="" useRefParam="false"/>
				<String name="eventName" value="Play_Annette_VO_Skill_B" refParamName="" useRefParam="false"/>
				<bool name="use1P3PSwitch" value="true" refParamName="" useRefParam="false"/>
				<bool name="useSkinSwitch" value="true" refParamName="" useRefParam="false"/>
				<Array name="extraSkinId" refParamName="" useRefParam="false" type="uint"/>
			</Event>
		</Track>
		<Track trackName="HitTriggerTick0" eventType="HitTriggerTick" guid="90741770-438d-4329-b242-4eb409d53a1b" enabled="true" useRefParam="false" refParamName="" r="1.000" g="0.383" b="0.000" execOnForceStopped="false" execOnActionCompleted="false" stopAfterLastEvent="true">
			<Event eventName="HitTriggerTick" time="0.000" isDuration="false">
				<TemplateObject name="targetId" objectName="self" id="0" isTemp="false" refParamName="" useRefParam="false"/>
				<TemplateObject name="hitTargetId" objectName="None" id="-1" isTemp="false" refParamName="" useRefParam="false"/>
				<bool name="bulletHit" value="false" refParamName="" useRefParam="false"/>
				<TemplateObject name="victimId" objectName="None" id="-1" isTemp="false" refParamName="" useRefParam="false"/>
				<bool name="lastHit" value="false" refParamName="" useRefParam="false"/>
				<bool name="bSkillCombineChoose" value="false" refParamName="" useRefParam="false"/>
				<int name="SelfSkillCombineID_1" value="519292" refParamName="" useRefParam="false"/>
				<int name="SelfSkillCombineID_2" value="0" refParamName="" useRefParam="false"/>
				<int name="SelfSkillCombineID_3" value="0" refParamName="" useRefParam="false"/>
				<int name="SelfSkillCombineID1Probability" value="0" refParamName="" useRefParam="false"/>
				<int name="SelfSkillCombineID2Probability" value="0" refParamName="" useRefParam="false"/>
				<int name="SelfSkillCombineID3Probability" value="0" refParamName="" useRefParam="false"/>
				<int name="TargetSkillCombine_1" value="0" refParamName="" useRefParam="false"/>
				<int name="TargetSkillCombine_2" value="0" refParamName="" useRefParam="false"/>
				<int name="TargetSkillCombine_3" value="0" refParamName="" useRefParam="false"/>
				<int name="TargetSkillCombineID1Probability" value="0" refParamName="" useRefParam="false"/>
				<int name="TargetSkillCombineID2Probability" value="0" refParamName="" useRefParam="false"/>
				<int name="TargetSkillCombineID3Probability" value="0" refParamName="" useRefParam="false"/>
				<bool name="bCheckSight" value="false" refParamName="" useRefParam="false"/>
				<bool name="bCheckSkillLevel" value="false" refParamName="" useRefParam="false"/>
				<Enum name="refSkillSlot" value="1" refParamName="" useRefParam="false">
					<uint name="普攻"/>
					<uint name="技能1"/>
					<uint name="技能2"/>
					<uint name="技能3"/>
					<uint name="技能4"/>
					<uint name="天赋技能"/>
					<uint name="回城"/>
					<uint name="饰品栏技能"/>
					<uint name=""/>
				</Enum>
				<int name="refSkillLevel" value="0" refParamName="" useRefParam="false"/>
				<Enum name="compareOPType" value="3" refParamName="" useRefParam="false">
					<uint name="不比较"/>
					<uint name="小于"/>
					<uint name="小等于"/>
					<uint name="等于"/>
					<uint name="大于"/>
					<uint name="大等于"/>
					<uint name=""/>
				</Enum>
				<TemplateObject name="triggerId" objectName="None" id="-1" isTemp="false" refParamName="" useRefParam="false"/>
				<bool name="bExtraBuff" value="false" refParamName="" useRefParam="false"/>
				<bool name="bOverrideParam" value="false" refParamName="" useRefParam="false"/>
				<int name="buffOverrideParam1" value="0" refParamName="" useRefParam="false"/>
				<int name="buffOverrideParam2" value="0" refParamName="" useRefParam="false"/>
				<int name="buffOverrideParam3" value="0" refParamName="" useRefParam="false"/>
				<int name="buffOverrideParam4" value="0" refParamName="" useRefParam="false"/>
				<int name="buffOverrideParam5" value="0" refParamName="" useRefParam="false"/>
				<TemplateObject name="paramTargetId" objectName="None" id="-1" isTemp="false" refParamName="" useRefParam="false"/>
				<TemplateObject name="paramTargetId2" objectName="None" id="-1" isTemp="false" refParamName="" useRefParam="false"/>
			</Event>
		</Track>
		<Track trackName="CameraEasingDuration0" eventType="CameraEasingDuration" guid="b0fcd79f-ac70-43e5-a36d-c40bae5fa651" enabled="false" useRefParam="false" refParamName="" r="0.800" g="1.000" b="0.000" execOnForceStopped="false" execOnActionCompleted="false" stopAfterLastEvent="true">
			<Event eventName="CameraEasingDuration" time="0.000" length="0.200" isDuration="true">
				<float name="transitionRate" value="0.500" refParamName="" useRefParam="false"/>
				<int name="resetTime" value="200" refParamName="" useRefParam="false"/>
			</Event>
		</Track>
	</Action>
</Project>

