<?xml version="1.0" encoding="utf-8"?>
<Project>
	<TemplateObjectList>
		<TemplateObject objectName="self" id="0" isTemp="false"/>
		<TemplateObject objectName="target" id="1" isTemp="false"/>
	</TemplateObjectList>
	<RefParamList>
		<Vector3i name="_TargetDir" x="0" y="0" z="0" refParamName="" useRefParam="false"/>
		<Vector3i name="_TargetPos" x="0" y="0" z="0" refParamName="" useRefParam="false"/>
	</RefParamList>
	<Action tag="" length="1.000" loop="false">
		<Track trackName="TriggerParticle1" eventType="TriggerParticle" guid="3b43abd9-32bd-4f35-a413-d0bfaf49f908" enabled="true" refParamName="" useRefParam="false" r="0.000" g="1.000" b="0.067" execOnForceStopped="false" execOnActionCompleted="false" stopAfterLastEvent="true">
			<Event eventName="TriggerParticle" time="0.000" length="1.000" isDuration="true">
				<TemplateObject name="targetId" objectName="self" id="0" isTemp="false" refParamName="" useRefParam="false"/>
				<TemplateObject name="objectSpaceId" objectName="None" id="-1" isTemp="false" refParamName="" useRefParam="false"/>
				<String name="parentResourceName" value="" refParamName="" useRefParam="false"/>
				<String name="resourceName" value="prefab_skill_effects/hero_skill_effects/533_houyi/53302/HouYi_passive" refParamName="" useRefParam="false"/>
				<String name="resourceName2" value="" refParamName="" useRefParam="false"/>
				<String name="resourceName3" value="" refParamName="" useRefParam="false"/>
				<String name="bindPointName" value="Bone_Weapon05" refParamName="" useRefParam="false"/>
				<bool name="dontShowIfNoBindPoint" value="false" refParamName="" useRefParam="false"/>
				<Vector3 name="bindPosOffset" x="0.000" y="0.000" z="0.000" refParamName="" useRefParam="false"/>
				<bool name="bBindPosOffsetInWorldSpace" value="false" refParamName="" useRefParam="false"/>
				<EulerAngle name="bindRotOffset" x="0.000" y="0.000" z="0.000" refParamName="" useRefParam="false"/>
				<Vector3 name="scaling" x="1.000" y="1.000" z="1.000" refParamName="" useRefParam="false"/>
				<bool name="bUseRealScaling" value="false" refParamName="" useRefParam="false"/>
				<bool name="bEnableOptCull" value="true" refParamName="" useRefParam="false"/>
				<bool name="bHeroEffect" value="false" refParamName="" useRefParam="false"/>
				<bool name="bBullerPosDir" value="false" refParamName="" useRefParam="false"/>
				<TemplateObject name="lookTargetId" objectName="None" id="-1" isTemp="false" refParamName="" useRefParam="false"/>
				<bool name="bAlwaysLookTarget" value="false" refParamName="" useRefParam="false"/>
				<bool name="bLookTarget" value="false" refParamName="" useRefParam="false"/>
				<bool name="applyActionSpeedToParticle" value="true" refParamName="" useRefParam="false"/>
				<bool name="applyActionSpeedToAnimation" value="false" refParamName="" useRefParam="false"/>
				<int name="extend" value="10" refParamName="" useRefParam="false"/>
				<bool name="bOnlyFollowPos" value="false" refParamName="" useRefParam="false"/>
				<bool name="bHideWhenDead" value="true" refParamName="" useRefParam="false"/>
				<bool name="bRotateFollowCamera" value="false" refParamName="" useRefParam="false"/>
				<bool name="bUse3DUICamera" value="false" refParamName="" useRefParam="false"/>
				<bool name="bUseTargetSkinEffect" value="false" refParamName="" useRefParam="false"/>
				<bool name="bReplayWhenChangeMesh" value="false" refParamName="" useRefParam="false"/>
				<bool name="bTrailProtect" value="false" refParamName="" useRefParam="false"/>
				<bool name="bKeepChildScale" value="false" refParamName="" useRefParam="false"/>
				<int name="iDelayDisappearTime" value="0" refParamName="" useRefParam="false"/>
				<bool name="bBulletPos" value="false" refParamName="" useRefParam="false"/>
				<bool name="bBulletDir" value="false" refParamName="" useRefParam="false"/>
				<int name="particleScaleGrow" value="0" refParamName="" useRefParam="false"/>
				<bool name="enableMaxFollowTime" value="false" refParamName="" useRefParam="false"/>
				<float name="maxFollowTime" value="0.000" refParamName="" useRefParam="false"/>
				<bool name="bindOnHUD" value="false" refParamName="" useRefParam="false"/>
				<Enum name="showInStatus" value="0" refParamName="" useRefParam="false">
					<uint name="任意状态"/>
					<uint name="Idle状态"/>
					<uint name="移动状态"/>
					<uint name="死亡状态"/>
					<uint name="其他状态"/>
					<uint name="脱战状态"/>
					<uint name="战斗状态"/>
					<uint name="非隐藏在草丛"/>
					<uint name="隐藏在草丛"/>
				</Enum>
				<bool name="bExcludeSpecialActor" value="true" refParamName="" useRefParam="false"/>
				<Enum name="ReplacementUsage" value="0" refParamName="" useRefParam="false">
					<uint name="无"/>
					<uint name="回城特效"/>
					<uint name="击杀特效"/>
					<uint name="泉水加速特效"/>
				</Enum>
				<Enum name="ReplacementSubUsage" value="0" refParamName="" useRefParam="false">
					<uint name="无"/>
					<uint name="回城落地特效"/>
				</Enum>
				<bool name="bNoDynamicLod" value="false" refParamName="" useRefParam="false"/>
				<bool name="bMeshResouce" value="false" refParamName="" useRefParam="false"/>
				<bool name="bAllowEmptyEffect" value="false" refParamName="" useRefParam="false"/>
				<bool name="bSpecialBuffEffect" value="false" refParamName="" useRefParam="false"/>
			</Event>
		</Track>
		<Track trackName="TriggerParticle1" eventType="TriggerParticle" guid="85a206ec-7e08-4e8f-92c6-080d0ada5f5a" enabled="true" refParamName="" useRefParam="false" r="0.000" g="0.083" b="1.000" execOnForceStopped="false" execOnActionCompleted="false" stopAfterLastEvent="true">
			<Event eventName="TriggerParticle" time="0.000" length="1.000" isDuration="true">
				<TemplateObject name="targetId" objectName="self" id="0" isTemp="false" refParamName="" useRefParam="false"/>
				<TemplateObject name="objectSpaceId" objectName="None" id="-1" isTemp="false" refParamName="" useRefParam="false"/>
				<String name="parentResourceName" value="" refParamName="" useRefParam="false"/>
				<String name="resourceName" value="prefab_skill_effects/hero_skill_effects/533_houyi/53302/HouYi_passive_A" refParamName="" useRefParam="false"/>
				<String name="resourceName2" value="" refParamName="" useRefParam="false"/>
				<String name="resourceName3" value="" refParamName="" useRefParam="false"/>
				<String name="bindPointName" value="Bone_Weapon04" refParamName="" useRefParam="false"/>
				<bool name="dontShowIfNoBindPoint" value="false" refParamName="" useRefParam="false"/>
				<Vector3 name="bindPosOffset" x="0.000" y="0.000" z="0.000" refParamName="" useRefParam="false"/>
				<bool name="bBindPosOffsetInWorldSpace" value="false" refParamName="" useRefParam="false"/>
				<EulerAngle name="bindRotOffset" x="0.000" y="0.000" z="0.000" refParamName="" useRefParam="false"/>
				<Vector3 name="scaling" x="1.000" y="1.000" z="1.000" refParamName="" useRefParam="false"/>
				<bool name="bUseRealScaling" value="false" refParamName="" useRefParam="false"/>
				<bool name="bEnableOptCull" value="true" refParamName="" useRefParam="false"/>
				<bool name="bHeroEffect" value="false" refParamName="" useRefParam="false"/>
				<bool name="bBullerPosDir" value="false" refParamName="" useRefParam="false"/>
				<TemplateObject name="lookTargetId" objectName="None" id="-1" isTemp="false" refParamName="" useRefParam="false"/>
				<bool name="bAlwaysLookTarget" value="false" refParamName="" useRefParam="false"/>
				<bool name="bLookTarget" value="false" refParamName="" useRefParam="false"/>
				<bool name="applyActionSpeedToParticle" value="true" refParamName="" useRefParam="false"/>
				<bool name="applyActionSpeedToAnimation" value="false" refParamName="" useRefParam="false"/>
				<int name="extend" value="10" refParamName="" useRefParam="false"/>
				<bool name="bOnlyFollowPos" value="false" refParamName="" useRefParam="false"/>
				<bool name="bHideWhenDead" value="true" refParamName="" useRefParam="false"/>
				<bool name="bRotateFollowCamera" value="false" refParamName="" useRefParam="false"/>
				<bool name="bUse3DUICamera" value="false" refParamName="" useRefParam="false"/>
				<bool name="bUseTargetSkinEffect" value="false" refParamName="" useRefParam="false"/>
				<bool name="bReplayWhenChangeMesh" value="false" refParamName="" useRefParam="false"/>
				<bool name="bTrailProtect" value="false" refParamName="" useRefParam="false"/>
				<bool name="bKeepChildScale" value="false" refParamName="" useRefParam="false"/>
				<int name="iDelayDisappearTime" value="0" refParamName="" useRefParam="false"/>
				<bool name="bBulletPos" value="false" refParamName="" useRefParam="false"/>
				<bool name="bBulletDir" value="false" refParamName="" useRefParam="false"/>
				<int name="particleScaleGrow" value="0" refParamName="" useRefParam="false"/>
				<bool name="enableMaxFollowTime" value="false" refParamName="" useRefParam="false"/>
				<float name="maxFollowTime" value="0.000" refParamName="" useRefParam="false"/>
				<bool name="bindOnHUD" value="false" refParamName="" useRefParam="false"/>
				<Enum name="showInStatus" value="0" refParamName="" useRefParam="false">
					<uint name="任意状态"/>
					<uint name="Idle状态"/>
					<uint name="移动状态"/>
					<uint name="死亡状态"/>
					<uint name="其他状态"/>
					<uint name="脱战状态"/>
					<uint name="战斗状态"/>
					<uint name="非隐藏在草丛"/>
					<uint name="隐藏在草丛"/>
				</Enum>
				<bool name="bExcludeSpecialActor" value="true" refParamName="" useRefParam="false"/>
				<Enum name="ReplacementUsage" value="0" refParamName="" useRefParam="false">
					<uint name="无"/>
					<uint name="回城特效"/>
					<uint name="击杀特效"/>
					<uint name="泉水加速特效"/>
				</Enum>
				<Enum name="ReplacementSubUsage" value="0" refParamName="" useRefParam="false">
					<uint name="无"/>
					<uint name="回城落地特效"/>
				</Enum>
				<bool name="bNoDynamicLod" value="false" refParamName="" useRefParam="false"/>
				<bool name="bMeshResouce" value="false" refParamName="" useRefParam="false"/>
				<bool name="bAllowEmptyEffect" value="false" refParamName="" useRefParam="false"/>
				<bool name="bSpecialBuffEffect" value="false" refParamName="" useRefParam="false"/>
			</Event>
		</Track>
		<Track trackName="CheckSkillCombineConditionDuration0" eventType="CheckSkillCombineConditionDuration" guid="137888b2-05cd-4d07-bdde-441584495b64" enabled="true" refParamName="" useRefParam="false" r="0.000" g="1.000" b="0.667" execOnForceStopped="false" execOnActionCompleted="false" stopAfterLastEvent="true">
			<Event eventName="CheckSkillCombineConditionDuration" time="0.000" length="1.000" isDuration="true">
				<TemplateObject name="targetId" objectName="self" id="0" isTemp="false" refParamName="" useRefParam="false"/>
				<int name="skillCombineId" value="533903" refParamName="" useRefParam="false"/>
				<Enum name="checkOPType" value="3" refParamName="" useRefParam="false">
					<uint name="不比较"/>
					<uint name="小于"/>
					<uint name="小等于"/>
					<uint name="等于"/>
					<uint name="大于"/>
					<uint name="大等于"/>
				</Enum>
				<int name="skillCombineLevel" value="0" refParamName="" useRefParam="false"/>
				<TemplateObject name="skillCombineSrcId" objectName="None" id="-1" isTemp="false" refParamName="" useRefParam="false"/>
				<bool name="bCheckSkillMark" value="false" refParamName="" useRefParam="false"/>
			</Event>
		</Track>
		<Track trackName="RemoveBuffTick0" eventType="RemoveBuffTick" guid="fd613e0d-2c31-46f0-9630-5628564ceaf0" enabled="true" refParamName="" useRefParam="false" r="1.000" g="0.850" b="0.000" execOnForceStopped="false" execOnActionCompleted="false" stopAfterLastEvent="true">
			<Condition id="2" guid="137888b2-05cd-4d07-bdde-441584495b64" status="true"/>
			<Event eventName="RemoveBuffTick" time="0.000" isDuration="false">
				<TemplateObject name="targetId" objectName="self" id="0" isTemp="false" refParamName="" useRefParam="false"/>
				<int name="buffId" value="533902" refParamName="" useRefParam="false"/>
				<int name="BuffLayer" value="0" refParamName="" useRefParam="false"/>
				<bool name="bAllControlBuff" value="false" refParamName="" useRefParam="false"/>
				<bool name="bAllNagativeBuff" value="false" refParamName="" useRefParam="false"/>
				<bool name="bAllPositiveBuff" value="false" refParamName="" useRefParam="false"/>
				<bool name="bDontRefreshBuffTime" value="false" refParamName="" useRefParam="false"/>
			</Event>
		</Track>
	</Action>
</Project>

