<?xml version="1.0" encoding="utf-8"?>
<Project>
	<TemplateObjectList>
		<TemplateObject objectName="self" id="0" isTemp="false"/>
		<TemplateObject objectName="target" id="1" isTemp="false"/>
	</TemplateObjectList>
	<RefParamList>
		<Vector3i name="_TargetDir" x="0" y="0" z="0" refParamName="" useRefParam="false"/>
		<Vector3i name="_TargetPos" x="0" y="0" z="0" refParamName="" useRefParam="false"/>
	</RefParamList>
	<Action tag="" length="0.500" loop="false">
		<Track trackName="CheckSkinIdTick2" eventType="CheckSkinIdTick" guid="39bb8895-058a-4470-9d6c-cabe10ac5628" enabled="true" refParamName="" useRefParam="false" r="0.000" g="1.000" b="0.700" execOnForceStopped="false" execOnActionCompleted="false" stopAfterLastEvent="true">
			<Event eventName="CheckSkinIdTick" time="0.000" isDuration="false">
				<TemplateObject name="targetId" objectName="self" id="0" isTemp="false" refParamName="" useRefParam="false"/>
				<int name="skinId" value="50108" refParamName="" useRefParam="false"/>
				<bool name="bEqual" value="true" refParamName="" useRefParam="false"/>
				<bool name="bSkipLogicCheck" value="true" refParamName="" useRefParam="false"/>
			</Event>
		</Track>
		<Track trackName="TriggerParticleTick2" eventType="TriggerParticleTick" guid="73e2d798-0b23-46b2-b4b1-c189fb851145" enabled="true" refParamName="" useRefParam="false" r="1.000" g="0.000" b="0.900" execOnForceStopped="false" execOnActionCompleted="false" stopAfterLastEvent="true">
			<Condition id="0" guid="39bb8895-058a-4470-9d6c-cabe10ac5628" status="true"/>
			<Event eventName="TriggerParticleTick" time="0.000" isDuration="false">
				<TemplateObject name="targetId" objectName="None" id="-1" isTemp="false" refParamName="" useRefParam="false"/>
				<TemplateObject name="objectSpaceId" objectName="target" id="1" isTemp="false" refParamName="" useRefParam="false"/>
				<uint name="RefLiteBulletID" value="0" refParamName="" useRefParam="false"/>
				<bool name="bDonotAttackToMesh" value="false" refParamName="" useRefParam="false"/>
				<String name="parentResourceName" value="" refParamName="" useRefParam="false"/>
				<String name="resourceName" value="prefab_skill_effects/hero_skill_effects/501_telannas/50106/TelAnnas_spell3_hurt01" refParamName="" useRefParam="false"/>
				<String name="resourceName2" value="" refParamName="" useRefParam="false"/>
				<String name="resourceName3" value="" refParamName="" useRefParam="false"/>
				<float name="lifeTime" value="1.000" refParamName="" useRefParam="false"/>
				<String name="bindPointName" value="" refParamName="" useRefParam="false"/>
				<bool name="dontShowIfNoBindPoint" value="false" refParamName="" useRefParam="false"/>
				<Vector3 name="bindPosOffset" x="0.000" y="1.200" z="0.000" refParamName="" useRefParam="false"/>
				<bool name="bIsBindPosYRelateBeHitHeight" value="false" refParamName="" useRefParam="false"/>
				<EulerAngle name="bindRotOffset" x="0.000" y="0.000" z="0.000" refParamName="" useRefParam="false"/>
				<Vector3 name="scaling" x="1.000" y="1.000" z="1.000" refParamName="" useRefParam="false"/>
				<bool name="useScalingInt" value="false" refParamName="" useRefParam="false"/>
				<Vector3i name="scalingInt" x="10000" y="10000" z="10000" refParamName="" useRefParam="false"/>
				<bool name="bUseRealScaling" value="false" refParamName="" useRefParam="false"/>
				<bool name="bOnlyScaleRoot" value="false" refParamName="" useRefParam="false"/>
				<bool name="bEnableOptCull" value="true" refParamName="" useRefParam="false"/>
				<bool name="bBulletPos" value="false" refParamName="" useRefParam="false"/>
				<bool name="bBulletDir" value="false" refParamName="" useRefParam="false"/>
				<bool name="bBullerPosDir" value="false" refParamName="" useRefParam="false"/>
				<bool name="applyActionSpeedToAnimation" value="false" refParamName="" useRefParam="false"/>
				<bool name="bUseHeroLocalForward" value="false" refParamName="" useRefParam="false"/>
				<TemplateObject name="lookTargetId" objectName="self" id="0" isTemp="false" refParamName="" useRefParam="false"/>
				<bool name="applyActionSpeedToParticle" value="true" refParamName="" useRefParam="false"/>
				<bool name="b1stTickParentRot" value="false" refParamName="" useRefParam="false"/>
				<int name="extend" value="10" refParamName="" useRefParam="false"/>
				<bool name="bOnlyFollowPos" value="false" refParamName="" useRefParam="false"/>
				<bool name="bRotateFollowCamera" value="false" refParamName="" useRefParam="false"/>
				<int name="particleScaleGrow" value="0" refParamName="" useRefParam="false"/>
				<bool name="bRandomRotation" value="false" refParamName="" useRefParam="false"/>
				<EulerAngle name="randRotBegin" x="0.000" y="0.000" z="0.000" refParamName="" useRefParam="false"/>
				<EulerAngle name="randRotEnd" x="0.000" y="0.000" z="0.000" refParamName="" useRefParam="false"/>
				<Enum name="ReplacementUsage" value="0" refParamName="" useRefParam="false">
					<uint name="无"/>
					<uint name="回城特效"/>
					<uint name="击杀特效"/>
					<uint name="泉水加速特效"/>
				</Enum>
				<Enum name="ReplacementSubUsage" value="0" refParamName="" useRefParam="false">
					<uint name="无"/>
					<uint name="回城落地特效"/>
				</Enum>
				<bool name="bNoDynamicLod" value="false" refParamName="" useRefParam="false"/>
				<bool name="bMeshResouce" value="false" refParamName="" useRefParam="false"/>
				<bool name="bAllowEmptyEffect" value="false" refParamName="" useRefParam="false"/>
				<bool name="bUseTargetSkinEffect" value="false" refParamName="" useRefParam="false"/>
				<bool name="bActionCtrlObjs" value="false" refParamName="" useRefParam="false"/>
				<bool name="bInvisibleSelf" value="false" refParamName="" useRefParam="false"/>
				<bool name="bInvisibleEnemy" value="false" refParamName="" useRefParam="false"/>
				<bool name="bInvisibleTeamNotSelf" value="false" refParamName="" useRefParam="false"/>
			</Event>
		</Track>
		<Track trackName="CheckSkinIdTick2" eventType="CheckSkinIdTick" guid="f788ef0e-f0b7-447e-bedb-81af92156970" enabled="true" refParamName="" useRefParam="false" r="0.000" g="1.000" b="0.083" execOnForceStopped="false" execOnActionCompleted="false" stopAfterLastEvent="true">
			<Event eventName="CheckSkinIdTick" time="0.000" isDuration="false">
				<TemplateObject name="targetId" objectName="self" id="0" isTemp="false" refParamName="" useRefParam="false"/>
				<int name="skinId" value="50108" refParamName="" useRefParam="false"/>
				<bool name="bEqual" value="false" refParamName="" useRefParam="false"/>
				<bool name="bSkipLogicCheck" value="true" refParamName="" useRefParam="false"/>
			</Event>
		</Track>
		<Track trackName="TriggerParticleTick2" eventType="TriggerParticleTick" guid="a0e83291-fa21-4cad-bd12-79051c5e5f64" enabled="true" refParamName="" useRefParam="false" r="1.000" g="0.000" b="0.050" execOnForceStopped="false" execOnActionCompleted="false" stopAfterLastEvent="true">
			<Condition id="2" guid="f788ef0e-f0b7-447e-bedb-81af92156970" status="true"/>
			<Event eventName="TriggerParticleTick" time="0.000" isDuration="false">
				<TemplateObject name="targetId" objectName="None" id="-1" isTemp="false" refParamName="" useRefParam="false"/>
				<TemplateObject name="objectSpaceId" objectName="target" id="1" isTemp="false" refParamName="" useRefParam="false"/>
				<uint name="RefLiteBulletID" value="0" refParamName="" useRefParam="false"/>
				<bool name="bDonotAttackToMesh" value="false" refParamName="" useRefParam="false"/>
				<String name="parentResourceName" value="" refParamName="" useRefParam="false"/>
				<String name="resourceName" value="prefab_skill_effects/hero_skill_effects/501_telannas/50106/TelAnnas_spell3_hurt01" refParamName="" useRefParam="false"/>
				<String name="resourceName2" value="" refParamName="" useRefParam="false"/>
				<String name="resourceName3" value="" refParamName="" useRefParam="false"/>
				<float name="lifeTime" value="1.000" refParamName="" useRefParam="false"/>
				<String name="bindPointName" value="" refParamName="" useRefParam="false"/>
				<bool name="dontShowIfNoBindPoint" value="false" refParamName="" useRefParam="false"/>
				<Vector3 name="bindPosOffset" x="0.000" y="1.200" z="0.000" refParamName="" useRefParam="false"/>
				<bool name="bIsBindPosYRelateBeHitHeight" value="false" refParamName="" useRefParam="false"/>
				<EulerAngle name="bindRotOffset" x="0.000" y="0.000" z="0.000" refParamName="" useRefParam="false"/>
				<Vector3 name="scaling" x="1.200" y="1.200" z="1.200" refParamName="" useRefParam="false"/>
				<bool name="useScalingInt" value="false" refParamName="" useRefParam="false"/>
				<Vector3i name="scalingInt" x="10000" y="10000" z="10000" refParamName="" useRefParam="false"/>
				<bool name="bUseRealScaling" value="false" refParamName="" useRefParam="false"/>
				<bool name="bOnlyScaleRoot" value="false" refParamName="" useRefParam="false"/>
				<bool name="bEnableOptCull" value="true" refParamName="" useRefParam="false"/>
				<bool name="bBulletPos" value="false" refParamName="" useRefParam="false"/>
				<bool name="bBulletDir" value="false" refParamName="" useRefParam="false"/>
				<bool name="bBullerPosDir" value="false" refParamName="" useRefParam="false"/>
				<bool name="applyActionSpeedToAnimation" value="false" refParamName="" useRefParam="false"/>
				<bool name="bUseHeroLocalForward" value="false" refParamName="" useRefParam="false"/>
				<TemplateObject name="lookTargetId" objectName="None" id="-1" isTemp="false" refParamName="" useRefParam="false"/>
				<bool name="applyActionSpeedToParticle" value="true" refParamName="" useRefParam="false"/>
				<bool name="b1stTickParentRot" value="false" refParamName="" useRefParam="false"/>
				<int name="extend" value="10" refParamName="" useRefParam="false"/>
				<bool name="bOnlyFollowPos" value="false" refParamName="" useRefParam="false"/>
				<bool name="bRotateFollowCamera" value="false" refParamName="" useRefParam="false"/>
				<int name="particleScaleGrow" value="0" refParamName="" useRefParam="false"/>
				<bool name="bRandomRotation" value="false" refParamName="" useRefParam="false"/>
				<EulerAngle name="randRotBegin" x="0.000" y="0.000" z="0.000" refParamName="" useRefParam="false"/>
				<EulerAngle name="randRotEnd" x="0.000" y="0.000" z="0.000" refParamName="" useRefParam="false"/>
				<Enum name="ReplacementUsage" value="0" refParamName="" useRefParam="false">
					<uint name="无"/>
					<uint name="回城特效"/>
					<uint name="击杀特效"/>
					<uint name="泉水加速特效"/>
				</Enum>
				<Enum name="ReplacementSubUsage" value="0" refParamName="" useRefParam="false">
					<uint name="无"/>
					<uint name="回城落地特效"/>
				</Enum>
				<bool name="bNoDynamicLod" value="false" refParamName="" useRefParam="false"/>
				<bool name="bMeshResouce" value="false" refParamName="" useRefParam="false"/>
				<bool name="bAllowEmptyEffect" value="false" refParamName="" useRefParam="false"/>
				<bool name="bUseTargetSkinEffect" value="false" refParamName="" useRefParam="false"/>
				<bool name="bActionCtrlObjs" value="false" refParamName="" useRefParam="false"/>
				<bool name="bInvisibleSelf" value="false" refParamName="" useRefParam="false"/>
				<bool name="bInvisibleEnemy" value="false" refParamName="" useRefParam="false"/>
				<bool name="bInvisibleTeamNotSelf" value="false" refParamName="" useRefParam="false"/>
			</Event>
		</Track>
		<Track trackName="CheckSkillCombineConditionTick0" eventType="CheckSkillCombineConditionTick" guid="4e749d1a-b3f1-4831-9f5f-245d8327f20c" enabled="true" refParamName="" useRefParam="false" r="1.000" g="0.950" b="0.000" execOnForceStopped="false" execOnActionCompleted="false" stopAfterLastEvent="true">
			<Event eventName="CheckSkillCombineConditionTick" time="0.000" isDuration="false">
				<TemplateObject name="targetId" objectName="target" id="1" isTemp="false" refParamName="" useRefParam="false"/>
				<bool name="bCurrentBuffId" value="false" refParamName="" useRefParam="false"/>
				<int name="skillCombineId" value="501304" refParamName="" useRefParam="false"/>
				<Enum name="checkOPType" value="3" refParamName="" useRefParam="false">
					<uint name="不比较"/>
					<uint name="小于"/>
					<uint name="小等于"/>
					<uint name="等于"/>
					<uint name="大于"/>
					<uint name="大等于"/>
				</Enum>
				<int name="skillCombineLevel" value="0" refParamName="" useRefParam="false"/>
				<TemplateObject name="skillCombineSrcId" objectName="None" id="-1" isTemp="false" refParamName="" useRefParam="false"/>
				<bool name="bCheckSkillMark" value="false" refParamName="" useRefParam="false"/>
			</Event>
		</Track>
		<Track trackName="CheckHeroIdTick0" eventType="CheckHeroIdTick" guid="50451a1b-53eb-4a21-a447-8118b022adf5" enabled="true" refParamName="" useRefParam="false" r="0.000" g="1.000" b="0.800" execOnForceStopped="false" execOnActionCompleted="false" stopAfterLastEvent="true">
			<Event eventName="CheckHeroIdTick" time="0.000" isDuration="false">
				<TemplateObject name="targetId" objectName="target" id="1" isTemp="false" refParamName="" useRefParam="false"/>
				<int name="heroId" value="529" refParamName="" useRefParam="false"/>
			</Event>
		</Track>
		<Track trackName="SkillFuncInstant0" eventType="SkillFuncInstant" guid="fc2dac15-b11a-4aed-a9b5-e73c9137472c" enabled="true" refParamName="" useRefParam="false" r="0.000" g="0.717" b="1.000" execOnForceStopped="false" execOnActionCompleted="false" stopAfterLastEvent="true">
			<Condition id="4" guid="4e749d1a-b3f1-4831-9f5f-245d8327f20c" status="true"/>
			<Condition id="5" guid="50451a1b-53eb-4a21-a447-8118b022adf5" status="false"/>
			<Event eventName="SkillFuncInstant" time="0.000" isDuration="false">
				<Enum name="SkillFuncType" value="0" refParamName="" useRefParam="false">
					<uint name="物理伤害"/>
					<uint name="法术伤害"/>
					<uint name="真实伤害"/>
					<uint name="回复生命值"/>
					<uint name="增加攻击速度"/>
					<uint name="减少攻击速度"/>
					<uint name="增加移动速度"/>
					<uint name="减少移动速度"/>
					<uint name="提高攻击力"/>
					<uint name="降低攻击力"/>
					<uint name="吸血"/>
				</Enum>
				<bool name="bIsOverrideParamsFromXls" value="false" refParamName="" useRefParam="false"/>
				<int name="OverrideParam1" value="0" refParamName="" useRefParam="false"/>
				<int name="OverrideParam2" value="0" refParamName="" useRefParam="false"/>
				<int name="OverrideParam3" value="0" refParamName="" useRefParam="false"/>
				<int name="OverrideParam4" value="0" refParamName="" useRefParam="false"/>
				<int name="OverrideParam5" value="0" refParamName="" useRefParam="false"/>
			</Event>
		</Track>
		<Track trackName="PlayHeroSoundTick0" eventType="PlayHeroSoundTick" guid="14da16d6-b8e3-4cad-94b9-f810eb09c5cd" enabled="true" refParamName="" useRefParam="false" r="0.183" g="1.000" b="0.000" execOnForceStopped="false" execOnActionCompleted="false" stopAfterLastEvent="true">
			<Event eventName="PlayHeroSoundTick" time="0.000" isDuration="false">
				<TemplateObject name="targetId" objectName="target" id="1" isTemp="false" refParamName="" useRefParam="false"/>
				<TemplateObject name="sourceId" objectName="self" id="0" isTemp="false" refParamName="" useRefParam="false"/>
				<String name="eventName" value="Play_501_Telannas_Skill_C_Hit" refParamName="" useRefParam="false"/>
				<bool name="use1P3PSwitch" value="true" refParamName="" useRefParam="false"/>
				<bool name="useSkinSwitch" value="true" refParamName="" useRefParam="false"/>
				<Array name="extraSkinId" refParamName="" useRefParam="false" type="uint">
					<uint32 value="11"/>
				</Array>
			</Event>
		</Track>
		<Track trackName="HitTriggerTick0" eventType="HitTriggerTick" guid="3d10ee85-824c-4b58-b138-32da4ce0eed4" enabled="true" refParamName="" useRefParam="false" r="1.000" g="0.000" b="0.567" execOnForceStopped="false" execOnActionCompleted="false" stopAfterLastEvent="true">
			<Condition id="5" guid="50451a1b-53eb-4a21-a447-8118b022adf5" status="true"/>
			<Event eventName="HitTriggerTick" time="0.000" isDuration="false">
				<TemplateObject name="targetId" objectName="攻击者" id="0" isTemp="false" refParamName="" useRefParam="false"/>
				<TemplateObject name="hitTargetId" objectName="target" id="1" isTemp="false" refParamName="" useRefParam="false"/>
				<bool name="bInheritRefParams" value="false" refParamName="" useRefParam="false"/>
				<bool name="bulletHit" value="false" refParamName="" useRefParam="false"/>
				<TemplateObject name="victimId" objectName="None" id="-1" isTemp="false" refParamName="" useRefParam="false"/>
				<bool name="lastHit" value="false" refParamName="" useRefParam="false"/>
				<bool name="bSkillCombineChoose" value="false" refParamName="" useRefParam="false"/>
				<int name="SelfSkillCombineID_1" value="0" refParamName="" useRefParam="false"/>
				<int name="SelfSkillCombineID_2" value="0" refParamName="" useRefParam="false"/>
				<int name="SelfSkillCombineID_3" value="0" refParamName="" useRefParam="false"/>
				<int name="SelfSkillCombineID1Probability" value="0" refParamName="" useRefParam="false"/>
				<int name="SelfSkillCombineID2Probability" value="0" refParamName="" useRefParam="false"/>
				<int name="SelfSkillCombineID3Probability" value="0" refParamName="" useRefParam="false"/>
				<int name="TargetSkillCombine_1" value="5013051" refParamName="" useRefParam="false"/>
				<int name="TargetSkillCombine_2" value="0" refParamName="" useRefParam="false"/>
				<int name="TargetSkillCombine_3" value="0" refParamName="" useRefParam="false"/>
				<int name="TargetSkillCombineID1Probability" value="0" refParamName="" useRefParam="false"/>
				<int name="TargetSkillCombineID2Probability" value="0" refParamName="" useRefParam="false"/>
				<int name="TargetSkillCombineID3Probability" value="0" refParamName="" useRefParam="false"/>
				<bool name="bCheckSight" value="false" refParamName="" useRefParam="false"/>
				<bool name="bCheckSkillLevel" value="false" refParamName="" useRefParam="false"/>
				<Enum name="refSkillSlot" value="1" refParamName="" useRefParam="false">
					<uint name="普攻"/>
					<uint name="技能1"/>
					<uint name="技能2"/>
					<uint name="技能3"/>
					<uint name="技能4"/>
					<uint name="天赋技能"/>
					<uint name="回城"/>
					<uint name="饰品栏技能"/>
					<uint name=""/>
				</Enum>
				<int name="refSkillLevel" value="0" refParamName="" useRefParam="false"/>
				<Enum name="compareOPType" value="3" refParamName="" useRefParam="false">
					<uint name="不比较"/>
					<uint name="小于"/>
					<uint name="小等于"/>
					<uint name="等于"/>
					<uint name="大于"/>
					<uint name="大等于"/>
					<uint name=""/>
				</Enum>
				<TemplateObject name="triggerId" objectName="None" id="-1" isTemp="false" refParamName="" useRefParam="false"/>
				<bool name="bExtraBuff" value="false" refParamName="" useRefParam="false"/>
				<bool name="bOverrideParam" value="false" refParamName="" useRefParam="false"/>
				<int name="buffOverrideParam1" value="0" refParamName="" useRefParam="false"/>
				<int name="buffOverrideParam2" value="0" refParamName="" useRefParam="false"/>
				<int name="buffOverrideParam3" value="0" refParamName="" useRefParam="false"/>
				<int name="buffOverrideParam4" value="0" refParamName="" useRefParam="false"/>
				<int name="buffOverrideParam5" value="0" refParamName="" useRefParam="false"/>
				<TemplateObject name="paramTargetId" objectName="None" id="-1" isTemp="false" refParamName="" useRefParam="false"/>
				<TemplateObject name="paramTargetId2" objectName="None" id="-1" isTemp="false" refParamName="" useRefParam="false"/>
				<bool name="bUseTargetToHitTargetAsEffectDir" value="false" refParamName="" useRefParam="false"/>
			</Event>
		</Track>
	</Action>
</Project>

